,URL,building,district,neighborhood,price,beds,baths,surface,lat,long,highlights,furnishing,amenities,completion_year,floor,price_sqf,views,discounted,cheap,distressed,investment,tenanted,vacant,metro,furnished,condition,upgraded,luxury,median_sqf,diff_percent,valuation
176,"https://www.bayut.com/property/details-5628051.html
",Lake Point Tower,Jumeirah Lake Towers (JLT),JLT Cluster N,900000,2.0,4,1590.0,25.063355,55.137683,"Best Price, Vacant, Spacious Unit",Unfurnished,"['Balcony or Terrace', 'Parking Spaces', 'Swimming Pool', 'Jacuzzi', 'Electricity Backup', 'Parking Spaces', 'Centrally Air-Conditioned', 'Central Heating', 'Double Glazed Windows', 'Storage Areas', 'Balcony or Terrace', 'Lobby in Building', 'Completion Year: 2007', 'First Aid Medical Center', 'Gym or Health Club', 'Swimming Pool', 'Jacuzzi', 'Sauna', 'Steam Room', 'Day Care Center', 'Kids Play Area', 'Lawn or Garden', 'Barbeque Area', 'Waste Disposal', 'Cleaning Services', 'Business Center', 'Security Staff', 'CCTV Security', 'Laundry Room', 'Broadband Internet', 'Satellite/Cable TV', 'Intercom', 'ATM Facility', '24 Hours Concierge']",2007,,566.0377358490566,0,0,1,0,0,0,1,0,0,0,,0,982.4350378626733,-42.38420719597966,good value
178,"https://www.bayut.com/property/details-5638988.html
",,Business Bay,Ontario Tower,900000,2.0,2,982.0,25.186073,55.262314,"Distress Sale 2BR, Ready to Move-in, Pool View",Unfurnished,"['Furnished', 'Parking Spaces', 'Swimming Pool', 'Centrally Air-Conditioned', 'Furnished', 'Parking Spaces', 'Centrally Air-Conditioned', 'Lobby in Building', 'Service Elevators', 'Completion Year: 2009', 'Reception/Waiting Room', 'Gym or Health Club', 'Swimming Pool', 'Waste Disposal', 'Security Staff', 'CCTV Security', 'Laundry Room', 'Broadband Internet', 'Satellite/Cable TV', 'Intercom', '24 Hours Concierge']",2009,,916.4969450101833,1,0,0,1,0,0,0,0,0,0,,0,1411.16158125144,-35.0537204820004,good value
371,"https://www.bayut.com/property/details-5881862.html
",,Dubai Marina,Azure,1450000,2.0,2,1732.0000000000002,25.072999954224,55.13740158081,"Huge Balcony, Reduced Price, Metro Link",Furnished,"['Furnished', 'Balcony or Terrace', 'Parking Spaces', 'Swimming Pool', 'Furnished', 'Electricity Backup', 'Parking Spaces', 'Centrally Air-Conditioned', 'Balcony or Terrace', 'Lobby in Building', 'Service Elevators', 'Completion Year: 2005', 'Swimming Pool', 'Sauna', 'Barbeque Area', 'Waste Disposal', 'CCTV Security', 'Broadband Internet', 'Satellite/Cable TV', 'Intercom', '24 Hours Concierge']",2005,,837.1824480369514,0,1,0,0,0,0,0,0,0,0,,0,1528.2555282555284,-45.219733705620705,good value
654,"https://www.bayut.com/property/details-5690702.html
",Golden Mile 9,Palm Jumeirah,Golden Mile,1400000,1.0,2,1307.0,25.111828,55.140392,"Cheapest On The Market., Close To Mall, Rented",,[],0,,1071.1553175210406,0,0,1,0,0,1,0,0,0,0,,0,2158.894645941278,-50.3840856924254,great value
660,"https://www.bayut.com/property/details-5740303.html
",,Dubai Marina,The Torch,1200000,2.0,2,1258.0,25.087900161743,55.147399902344,"Exclusive 2 bed,Cheapest on the market, Rented",,"['Balcony or Terrace', 'Parking Spaces', 'Swimming Pool', 'Jacuzzi', 'Parking Spaces', 'Centrally Air-Conditioned', 'Double Glazed Windows', 'Storage Areas', 'Balcony or Terrace', 'Lobby in Building', 'Service Elevators', 'Completion Year: 2008', 'Gym or Health Club', 'Swimming Pool', 'Jacuzzi', 'Sauna', 'Steam Room', 'Barbeque Area', 'Cafeteria or Canteen', 'Waste Disposal', 'Maintenance Staff', 'Cleaning Services', 'Security Staff', 'CCTV Security', 'Broadband Internet', 'Satellite/Cable TV', 'Intercom', 'ATM Facility', '24 Hours Concierge']",2008,,953.8950715421304,0,0,1,0,0,1,0,0,0,0,,0,1528.2555282555284,-37.58275014185739,good value
843,"https://www.bayut.com/property/details-5557463.html
",,Jumeirah Village Circle (JVC),Masaar Residence,430000,1.0,2,870.0,25.055482698022,55.198364853859,"Economical, Spacious 1 BED, Rented, Investment Opportunity",Unfurnished,"['Balcony or Terrace', 'Centrally Air-Conditioned', 'Reception/Waiting Room', 'Gym or Health Club', 'Centrally Air-Conditioned', 'Balcony or Terrace', 'Reception/Waiting Room', 'Gym or Health Club', 'Security Staff']",0,,494.2528735632184,0,0,1,0,1,1,0,0,0,0,,0,813.2859142247321,-39.22766091007899,good value
1199,"https://www.bayut.com/property/details-5266035.html
",Marina Diamond 2,Dubai Marina,Marina Diamonds,595000,1.0,1,647.0,25.069449,55.134893,"City View, Best Price One Bedroom Apartment",Unfurnished,"['Parking Spaces', 'Swimming Pool', 'Sauna', 'Steam Room', 'Parking Spaces', 'Centrally Air-Conditioned', 'Lobby in Building', 'Completion Year: 2006', 'Swimming Pool', 'Sauna', 'Steam Room', 'Waste Disposal', 'Broadband Internet', 'Satellite/Cable TV', 'Intercom', '24 Hours Concierge', 'View']",2006,,919.629057187017,1,0,1,0,0,0,0,0,0,0,,0,1499.6465182043125,-38.676945131830976,good value
1567,"https://www.bayut.com/property/details-5681946.html
",,Dubai Marina,Sulafa Tower,750000,1.0,1,744.0,25.089437,55.149102,",Best Price,Hot deal,Chiller free, Tenanted,",Unfurnished,"['Balcony or Terrace', 'Parking Spaces: 1', 'Swimming Pool', 'Jacuzzi', 'Electricity Backup', 'Parking Spaces: 1', 'Centrally Air-Conditioned', 'Central Heating', 'Double Glazed Windows', 'Balcony or Terrace', 'Lobby in Building', 'Service Elevators', 'Prayer Room', 'Reception/Waiting Room', 'First Aid Medical Center', 'Gym or Health Club', 'Swimming Pool', 'Jacuzzi', 'Sauna', 'Steam Room', 'Day Care Center', 'Kids Play Area', 'Lawn or Garden', 'Barbeque Area', 'Cafeteria or Canteen', 'Business Center', 'Conference Room', 'Security Staff', 'CCTV Security', 'Intercom', '24 Hours Concierge', 'Freehold']",0,,1008.0645161290324,0,0,1,0,0,1,0,0,0,0,,0,1499.6465182043125,-32.77985819377649,good value
2171,"https://www.bayut.com/property/details-5912492.html
",Siena,Jumeirah Village Circle (JVC),Tuscan Residence,465000,1.0,2,958.0,25.063278,55.208412,"Distress Deal, Balcony , High ROI",Unfurnished,[],0,,485.3862212943633,0,0,0,1,1,0,0,0,0,0,,0,813.2859142247321,-40.31788663682199,good value
2244,"https://www.bayut.com/property/details-5856532.html
",,Downtown Dubai,,1400000,2.0,3,1300.0,25.194213,55.277412,DISTRESS DEAL! 2BHK STUNNING VIEW WITH THE BEST ROI,Unfurnished,"['Balcony or Terrace', 'Swimming Pool', 'Flooring', 'Jacuzzi', 'Electricity Backup', 'Centrally Air-Conditioned', 'Central Heating', 'Double Glazed Windows', 'Storage Areas', 'Study Room', 'Balcony or Terrace', 'Lobby in Building', 'Elevators in Building: 6', 'Service Elevators', 'Prayer Room', 'Reception/Waiting Room', 'Flooring', 'First Aid Medical Center', 'Gym or Health Club', 'Facilities for Disabled', 'Swimming Pool', 'Jacuzzi', 'Sauna', 'Steam Room', 'Day Care Center', 'Kids Play Area', 'Lawn or Garden', 'Barbeque Area', 'Cafeteria or Canteen', 'Maintenance Staff', 'Business Center', 'Conference Room', 'Security Staff', 'CCTV Security', 'Laundry Facility', 'Broadband Internet', 'Satellite/Cable TV', 'Intercom', '24 Hours Concierge', 'Freehold']",0,,1076.923076923077,1,0,0,1,1,0,0,0,0,0,,0,2356.7802755620014,-54.305325443786984,great value
2320,"https://www.bayut.com/property/details-5849407.html
",,Dubai Marina,Mag 218 Tower,1560000,2.0,3,1760.0000000000002,25.087999343872,55.149101257324,Grab The Deal : Spacious And Cheapest 2 bedroom For Sale In  Dubai Marina  ( CALL NOW ) =06,Unfurnished,"['Furnished', 'Balcony or Terrace', 'Parking Spaces', 'Swimming Pool', 'Furnished', 'Electricity Backup', 'Parking Spaces', 'Centrally Air-Conditioned', 'Central Heating', 'Double Glazed Windows', 'Balcony or Terrace', 'Lobby in Building', 'Elevators in Building: 7', 'Service Elevators', 'Completion Year: 2009', 'First Aid Medical Center', 'Gym or Health Club', 'Swimming Pool', 'Jacuzzi', 'Sauna', 'Steam Room', 'Day Care Center', 'Kids Play Area', 'Barbeque Area', 'Cafeteria or Canteen', 'Waste Disposal', 'Business Center', 'Security Staff', 'CCTV Security', 'Laundry Facility', 'Broadband Internet', 'Satellite/Cable TV', 'Intercom', '24 Hours Concierge', 'Freehold']",2009,,886.3636363636363,0,0,1,0,0,0,0,0,0,0,,0,1458.4369817578772,-39.22509868782345,good value
2342,"https://www.bayut.com/property/details-5853824.html
",,Business Bay,Safeer Tower 1,690000,1.0,1,961.0,25.177135328389,55.271064341014,"SPACIOUS 1BR, BEST PRICE, GREAT LOCATION",,"['Electricity Backup', 'Centrally Air-Conditioned', 'Waste Disposal', 'Conference Room', 'Electricity Backup', 'Centrally Air-Conditioned', 'Waste Disposal', 'Conference Room', 'Security Staff', 'CCTV Security', 'Laundry Facility', 'Broadband Internet', 'Satellite/Cable TV']",0,,718.0020811654526,0,0,1,0,0,0,0,0,0,0,,0,1343.1481326410985,-46.54334367769177,good value
2355,"https://www.bayut.com/property/details-5833234.html
",,Jumeirah Village Circle (JVC),,280000,0.0,1,495.0,25.057944878629,55.209063291768,Best Price for a studio in JVC,Furnished,['Furnished'],0,,565.6565656565657,0,0,1,0,0,0,0,0,0,0,,0,930.2325581395348,-39.19191919191919,good value
2713,"https://www.bayut.com/property/details-5387265.html
",Seasons Community,Jumeirah Village Circle (JVC),JVC District 15,600000,2.0,3,1148.0,25.059667,55.201938,"READY TO MOVE, POOL VIEW 2BR, CHEAPEST LUXURY, OWN TODAY",Unfurnished,"['Balcony or Terrace', 'Swimming Pool', 'Sauna', 'Lobby in Building', 'Balcony or Terrace', 'Lobby in Building', 'Reception/Waiting Room', 'Gym or Health Club', 'Facilities for Disabled', 'Swimming Pool', 'Sauna', 'Lawn or Garden', 'Barbeque Area', 'Cafeteria or Canteen', 'Security Staff', 'CCTV Security', '24 Hours Concierge']",0,,522.6480836236934,1,0,1,0,0,0,0,0,0,0,,0,803.1369642171121,-34.92416525328724,good value
2788,"https://www.bayut.com/property/details-5656836.html
",,DIFC,Liberty House,2100000,2.0,3,1875.0,25.209229,55.276575,"SPACIOUS TWO BEDROOM UNIQUE APPARTMENT,  NEGOTIABLE",Unfurnished,"['Balcony or Terrace', 'Parking Spaces', 'Swimming Pool', 'Jacuzzi', 'Electricity Backup', 'Parking Spaces', 'Centrally Air-Conditioned', 'Central Heating', 'Double Glazed Windows', 'Balcony or Terrace', 'Lobby in Building', 'Service Elevators', 'Completion Year: 2008', 'Prayer Room', 'Reception/Waiting Room', 'First Aid Medical Center', 'Gym or Health Club', 'Swimming Pool', 'Jacuzzi', 'Sauna', 'Steam Room', 'Day Care Center', 'Kids Play Area', 'Lawn or Garden', 'Cafeteria or Canteen', 'Waste Disposal', 'Maintenance Staff', 'Cleaning Services', 'Conference Room', 'Security Staff', 'CCTV Security', 'Laundry Facility', 'Broadband Internet', 'Satellite/Cable TV', 'Intercom', 'ATM Facility', '24 Hours Concierge']",2008,,1120.0,0,1,0,0,0,0,0,0,0,0,,0,1607.289540552157,-30.317471013017155,good value
2974,"https://www.bayut.com/property/details-5806609.html
",,Dubai Sports City,Hub Canal 1 Tower,395000,1.0,2,996.0,25.042861,55.217764,Deal of the Day I Best Price I Tenanted,Unfurnished,"['Balcony or Terrace', 'Parking Spaces: 1', 'Swimming Pool', 'Jacuzzi', 'Electricity Backup', 'Parking Spaces: 1', 'Centrally Air-Conditioned', 'Central Heating', 'Double Glazed Windows', 'Storage Areas', 'Balcony or Terrace', 'Lobby in Building', 'Service Elevators', 'Completion Year: 2007', 'Prayer Room', 'Reception/Waiting Room', 'First Aid Medical Center', 'Gym or Health Club', 'Facilities for Disabled', 'Swimming Pool', 'Jacuzzi', 'Sauna', 'Steam Room', 'Day Care Center', 'Kids Play Area', 'Lawn or Garden', 'Cafeteria or Canteen', 'Waste Disposal', 'Maintenance Staff', 'Cleaning Services', 'Security Staff', 'CCTV Security', 'Laundry Facility', 'Broadband Internet', 'Satellite/Cable TV', 'Intercom', '24 Hours Concierge', 'Freehold']",2007,,396.5863453815261,0,0,1,0,0,1,0,0,0,0,,0,605.1016494054468,-34.45954976801022,good value
2977,"https://www.bayut.com/property/details-5766603.html
",,Dubai Marina,Trident Waterfront,1200000,2.0,3,1709.0,25.067693976612,55.13152283675,"EXCLUSIVE,VACANT,ENSUITE BEDS,BEST PRICE",,"['Balcony or Terrace', 'Parking Spaces', 'Swimming Pool', 'Floor', 'Parking Spaces', 'Centrally Air-Conditioned', 'Central Heating', 'Storage Areas', 'Balcony or Terrace', 'Total Floors', 'Gym or Health Club', 'Swimming Pool', 'Jacuzzi', 'Steam Room', 'Kids Play Area', 'Maintenance Staff', 'Laundry Facility', 'Broadband Internet', 'Satellite/Cable TV', 'Intercom', '24 Hours Concierge', 'Floor']",0,,702.1650087770626,0,0,1,0,0,0,1,0,0,0,,0,1458.4369817578772,-51.854964077314335,great value
3116,"https://www.bayut.com/property/details-5690629.html
",,Dubai Marina,Botanica Tower,1590000,2.0,3,1652.0,25.085145,55.142411,"Cheapest 2xBd Loft,Upgraded,2xParking,VOT",,"['Balcony or Terrace', 'Parking Spaces', 'Swimming Pool', 'Jacuzzi', 'Parking Spaces', 'Centrally Air-Conditioned', 'Balcony or Terrace', 'Lobby in Building', 'Completion Year: 2010', 'Total Floors: 36', 'Gym or Health Club', 'Swimming Pool', 'Jacuzzi', 'Sauna', 'Steam Room', 'Waste Disposal', 'Security Staff', 'Laundry Facility', 'Broadband Internet', 'Satellite/Cable TV', 'Intercom', '24 Hours Concierge', 'View']",2010,,962.4697336561744,0,0,1,0,0,0,0,0,0,0,,0,1458.4369817578772,-34.00676575712622,good value
3632,"https://www.bayut.com/property/details-5570327.html
",,Dubai Marina,Marina Heights Tower,1749000,3.0,3,1900.0,25.087200164795,55.14820098877,"Rented, Best Priced in Market, Sea views",Unfurnished,"['Furnished', 'Balcony or Terrace', 'Parking Spaces', 'Swimming Pool', 'Furnished', 'Parking Spaces', 'Centrally Air-Conditioned', 'Double Glazed Windows', 'Storage Areas', 'Balcony or Terrace', 'Lobby in Building', 'Service Elevators', 'Completion Year: 2006', 'Swimming Pool', 'Jacuzzi', 'Sauna', 'Steam Room', 'Kids Play Area', 'Barbeque Area', 'Waste Disposal', 'Maintenance Staff', 'Security Staff', 'CCTV Security', 'Broadband Internet', 'Satellite/Cable TV', 'Intercom', '24 Hours Concierge']",2006,,920.5263157894736,1,0,1,0,0,1,0,0,0,0,,0,1610.8247422680413,-42.85372631578947,good value
3668,"https://www.bayut.com/property/details-5764277.html
",Grenland Residence,Mohammed Bin Rashid City,District 11,671688,1.0,2,840.0,25.127874,55.355857,"Cheapest Apartment In Meydan,, Ready To Move,, MBR City",,"['Balcony or Terrace', 'Parking Spaces', 'Swimming Pool', 'Centrally Air-Conditioned', 'Parking Spaces', 'Centrally Air-Conditioned', 'Balcony or Terrace', 'Lobby in Building', 'Gym or Health Club', 'Swimming Pool', 'Kids Play Area', 'Lawn or Garden', 'Barbeque Area', 'CCTV Security']",0,,799.6285714285714,0,0,1,0,0,0,0,0,0,0,,0,1639.8924448240455,-51.238962411686174,great value
3997,"https://www.bayut.com/property/details-5744885.html
",Golf Panorama A,DAMAC Hills,Golf Panorama,925000,1.0,2,2346.0,25.014984,55.254068,"Spacious, 1 BHK,Pool & Golf Course View, Negotiable,",Unfurnished,"['Balcony or Terrace', 'Swimming Pool', 'Jacuzzi', 'Sauna', 'Electricity Backup', 'Centrally Air-Conditioned', 'Balcony or Terrace', 'Lobby in Building', 'Service Elevators', 'Prayer Room', 'Reception/Waiting Room', 'First Aid Medical Center', 'Gym or Health Club', 'Swimming Pool', 'Jacuzzi', 'Sauna', 'Steam Room', 'Kids Play Area', 'Barbeque Area', 'Cafeteria or Canteen', 'Waste Disposal', 'Security Staff', 'CCTV Security', 'Laundry Room', 'Broadband Internet', 'Satellite/Cable TV', 'Intercom', 'ATM Facility', 'View', 'Freehold']",0,,394.2881500426258,1,1,0,0,0,0,0,0,0,0,,0,958.8638589618022,-58.87965258493147,great value
4396,"https://www.bayut.com/property/details-5684547.html
",Diamond Views III,Jumeirah Village Circle (JVC),Diamond Views,420000,1.0,2,845.0000000000001,25.062218,55.217732,Best Price I Motivated seller I Spacious,Unfurnished,"['Parking Spaces', 'Swimming Pool', 'Centrally Air-Conditioned', 'Lobby in Building', 'Parking Spaces', 'Centrally Air-Conditioned', 'Lobby in Building', 'Gym or Health Club', 'Swimming Pool', 'Waste Disposal', 'Security Staff', 'CCTV Security', 'Broadband Internet', 'Satellite/Cable TV', 'Intercom', '24 Hours Concierge', 'Freehold']",0,,497.0414201183431,0,0,1,0,0,0,0,0,0,0,,0,813.2859142247321,-38.88478683512553,good value
4594,"https://www.bayut.com/property/details-5640605.html
",,Business Bay,Safeer Tower 1,1400000,2.0,2,1500.0000000000002,25.177135328389,55.271064341014,"2BR, APARTMENT FOR SALE, SPACIOUS, BUSINEES BAY -NEGOTIABLE",Unfurnished,"['Electricity Backup', 'Centrally Air-Conditioned', 'Waste Disposal', 'Conference Room', 'Electricity Backup', 'Centrally Air-Conditioned', 'Waste Disposal', 'Conference Room', 'Security Staff', 'CCTV Security', 'Laundry Facility', 'Broadband Internet', 'Satellite/Cable TV']",0,,933.3333333333331,0,1,0,0,0,0,0,0,0,0,,0,1411.16158125144,-33.86063327307717,good value
5063,"https://www.bayut.com/property/details-5421655.html
",Golden Mile 9,Palm Jumeirah,Golden Mile,1599990,1.0,2,1290.0,25.111828,55.140392,"DISCOUNTED PRICE, AMAZING UNIT, GM 9",,['Balcony or Terrace'],0,,1240.3023255813953,0,1,0,0,0,0,0,0,0,0,,0,2158.894645941278,-42.549196279069776,good value
5123,"https://www.bayut.com/property/details-5427748.html
",29 Boulevard Podium,Downtown Dubai,29 Boulevard,2599999,3.0,3,1753.0,25.192143,55.272784,3BEDS Duplex / Exclusively Negotiable,Unfurnished,"['Balcony or Terrace', 'Swimming Pool', 'Centrally Air-Conditioned', 'Storage Areas', 'Centrally Air-Conditioned', 'Storage Areas', 'Balcony or Terrace', 'Lobby in Building', 'Elevators in Building: 4', 'Service Elevators', 'Completion Year: 2005', 'Reception/Waiting Room', 'Swimming Pool', 'Barbeque Area', 'Waste Disposal', 'Conference Room', 'Security Staff', 'CCTV Security', 'Satellite/Cable TV', 'Intercom', '24 Hours Concierge']",2005,,1483.1711351968054,0,1,0,0,0,0,0,0,0,0,,0,2643.778531244672,-43.89956958692228,good value
5575,"https://www.bayut.com/property/details-5744543.html
",,Dubai Marina,Mag 218 Tower,850000,1.0,2,875.0,25.087999343872,55.149101257324,"Properly Maintained, Best Price, Spacious",Unfurnished,"['Furnished', 'Parking Spaces', 'Swimming Pool', 'Jacuzzi', 'Furnished', 'Electricity Backup', 'Parking Spaces', 'Centrally Air-Conditioned', 'Central Heating', 'Double Glazed Windows', 'Lobby in Building', 'Elevators in Building: 7', 'Service Elevators', 'Completion Year: 2009', 'First Aid Medical Center', 'Swimming Pool', 'Jacuzzi', 'Sauna', 'Steam Room', 'Day Care Center', 'Kids Play Area', 'Barbeque Area', 'Cafeteria or Canteen', 'Waste Disposal', 'Business Center', 'Security Staff', 'CCTV Security', 'Laundry Facility', 'Broadband Internet', 'Satellite/Cable TV', 'Intercom', '24 Hours Concierge']",2009,,971.4285714285714,0,0,1,0,0,0,0,0,0,0,,0,1524.779462290593,-36.29055247312636,good value
6129,"https://www.bayut.com/property/details-5903573.html
",,Dubai Sports City,Frankfurt Sports Tower,320000,0.0,1,758.0,25.038206,55.204695,Distress Deal I Huge Studio I Bright I With Balcony,Unfurnished,"['Balcony or Terrace', 'Parking Spaces', 'Swimming Pool', 'Flooring', 'Parking Spaces', 'Centrally Air-Conditioned', 'Balcony or Terrace', 'Lobby in Building', 'Elevators in Building', 'Flooring', 'Total Floors', 'Swimming Pool', 'Jacuzzi', 'Sauna', 'Steam Room', 'Day Care Center', 'Kids Play Area', 'Waste Disposal', 'Maintenance Staff', 'Security Staff', 'CCTV Security', 'Broadband Internet', 'Satellite/Cable TV', 'Intercom', '24 Hours Concierge']",0,,422.1635883905013,0,0,0,1,0,0,0,0,0,0,,0,702.4029574861368,-39.89723649493126,good value
6468,"https://www.bayut.com/property/details-5853378.html
",,Dubai Marina,Marina Crown,1050000,2.0,3,1347.0,25.089967,55.148283,"URGENT, DISTRESSED SALE , FULL SEA VIEW",Unfurnished,"['Furnished', 'Balcony or Terrace', 'Parking Spaces', 'Swimming Pool', 'Furnished', 'Electricity Backup', 'Parking Spaces', 'Centrally Air-Conditioned', 'Double Glazed Windows', 'Balcony or Terrace', 'Lobby in Building', 'Completion Year: 2006', 'Gym or Health Club', 'Swimming Pool', 'Jacuzzi', 'Sauna', 'Steam Room', 'Day Care Center', 'Kids Play Area', 'Lawn or Garden', 'Barbeque Area', 'Cafeteria or Canteen', 'Waste Disposal', 'Security Staff', 'CCTV Security', 'Laundry Facility', 'Broadband Internet', 'Satellite/Cable TV', 'Intercom', '24 Hours Concierge']",2006,,779.5100222717149,1,0,0,1,0,0,0,0,0,0,,0,1458.4369817578772,-46.55168293029986,good value
6482,"https://www.bayut.com/property/details-5879872.html
",Grenland Residence,Mohammed Bin Rashid City,District 11,1200668,2.0,3,1412.0,25.127874,55.355857,2 BHK For Sale . Brand New . Affordable,Unfurnished,"['Balcony or Terrace', 'Parking Spaces: 1', 'Swimming Pool', 'Electricity Backup', 'Electricity Backup', 'Parking Spaces: 1', 'Centrally Air-Conditioned', 'Balcony or Terrace', 'Lobby in Building', 'Service Elevators', 'Reception/Waiting Room', 'Gym or Health Club', 'Swimming Pool', 'Maintenance Staff', 'Cleaning Services', 'Security Staff', 'CCTV Security', 'Satellite/Cable TV']",0,,850.3314447592068,0,0,1,0,0,0,0,0,0,1,,0,1533.8983050847455,-44.56402735823956,good value
6518,"https://www.bayut.com/property/details-5872583.html
",,Downtown Dubai,Burj Al Nujoom,550000,0.0,1,480.00000000000006,25.191151,55.282047,"Stunning Studio, Fully Furnished, Reduced Price",Furnished,"['Parking Spaces', 'Swimming Pool', 'Centrally Air-Conditioned', 'Lobby in Building', 'Parking Spaces', 'Centrally Air-Conditioned', 'Lobby in Building', 'Completion Year: 2009', 'Swimming Pool', 'Waste Disposal', 'Broadband Internet', 'Satellite/Cable TV', 'Intercom', '24 Hours Concierge']",2009,,1145.8333333333333,0,1,0,0,0,0,0,0,1,0,,0,2068.2120395327943,-44.59787916174325,good value
6522,"https://www.bayut.com/property/details-5851910.html
",Siena,Jumeirah Village Circle (JVC),Tuscan Residence,485000,1.0,2,957.0,25.063278,55.208412,"Distressed Deal, Ready To Move 1BR, Negotiable",Unfurnished,"['Balcony or Terrace', 'Swimming Pool', 'Electricity Backup', 'Centrally Air-Conditioned', 'Electricity Backup', 'Centrally Air-Conditioned', 'Double Glazed Windows', 'Balcony or Terrace', 'Lobby in Building', 'Service Elevators', 'Reception/Waiting Room', 'Gym or Health Club', 'Swimming Pool', 'Barbeque Area', 'Waste Disposal', 'Cleaning Services', 'Security Staff', 'CCTV Security', 'Intercom']",0,,506.7920585161965,0,1,0,1,0,0,0,0,0,0,,0,813.2859142247321,-37.68586795219514,good value
6730,"https://www.bayut.com/property/details-5587630.html
",8 Boulevard Walk,Downtown Dubai,Mohammad Bin Rashid Boulevard,1225000,1.0,2,1297.0,25.191167,55.269865,"Reduced Price, High Floor, 1 bedroom plus study",,"['Balcony or Terrace', 'Swimming Pool', 'Centrally Air-Conditioned', 'Lobby in Building', 'Centrally Air-Conditioned', 'Balcony or Terrace', 'Lobby in Building', 'Reception/Waiting Room', 'Swimming Pool']",0,,944.4872783346184,0,1,0,0,0,0,0,0,0,0,,0,1938.8372968573603,-51.28589284590681,great value
6738,"https://www.bayut.com/property/details-5915342.html
",Siena,Jumeirah Village Circle (JVC),Tuscan Residence,469900,1.0,2,958.0,25.063278,55.208412,RAMADAN DISTRESS DEAL  FOR 1BHK,,[],0,,490.5010438413361,0,0,0,1,0,0,0,0,0,0,,0,813.2859142247321,-39.68897834546807,good value
6879,"https://www.bayut.com/property/details-5804067.html
",Lincoln Park Northside,Arjan,Lincoln Park,600000,2.0,2,1043.0,25.063275,55.241471,"2 Bedrooms, Furnished, Best price",,"['Swimming Pool', 'Gym or Health Club', 'Kids Play Area', 'Lawn or Garden', 'Gym or Health Club', 'Swimming Pool', 'Kids Play Area', 'Lawn or Garden', 'Barbeque Area', 'Maintenance Staff', 'Cleaning Services', 'Security Staff', 'CCTV Security']",0,,575.2636625119846,0,0,1,0,0,0,0,0,1,0,,0,891.6089303238468,-35.480271344630935,good value
6928,"https://www.bayut.com/property/details-5824659.html
",Marina Diamond 6,Dubai Marina,Marina Diamonds,700000,1.0,1,706.0,25.080789,55.145815,"Furnished, Vacant, Genuine Resale, Best Priced",Furnished,"['Furnished', 'Balcony or Terrace', 'Parking Spaces', 'Swimming Pool', 'Furnished', 'Parking Spaces', 'Centrally Air-Conditioned', 'Central Heating', 'Double Glazed Windows', 'Balcony or Terrace', 'Lobby in Building', 'Completion Year: 2008', 'Reception/Waiting Room', 'Gym or Health Club', 'Swimming Pool', 'Jacuzzi', 'Sauna', 'Steam Room', 'Kids Play Area', 'Waste Disposal', 'Maintenance Staff', 'Security Staff', 'CCTV Security', 'Broadband Internet', 'Satellite/Cable TV', 'Intercom', '24 Hours Concierge']",2008,,991.5014164305948,0,0,1,0,0,0,1,0,1,0,,0,1499.6465182043125,-33.88432511297225,good value
7023,"https://www.bayut.com/property/details-5839706.html
",,Dubai Marina,Marina Opal Tower,913100,1.0,2,1064.0,25.068288,55.132441,"Affordable Price, Nice View, 1 Bedroom Apartment for sale",,"['Balcony or Terrace', 'Sauna', 'Centrally Air-Conditioned', 'Central Heating', 'Centrally Air-Conditioned', 'Central Heating', 'Balcony or Terrace', 'Sauna', 'ATM Facility', '24 Hours Concierge']",0,,858.1766917293234,1,0,1,0,0,0,0,0,0,0,,0,1524.779462290593,-43.71797935682245,good value
7554,"https://www.bayut.com/property/details-5849977.html
",,Business Bay,Millennium Binghatti Residences,1300000,2.0,3,1410.0000000000002,25.180621,55.269121,"Best Price, Prime Location, Best Investment",Unfurnished,"['Balcony or Terrace', 'Swimming Pool', 'Jacuzzi', 'Gym or Health Club', 'Balcony or Terrace', 'Gym or Health Club', 'Swimming Pool', 'Jacuzzi', 'Maintenance Staff', 'Cleaning Services', 'Security Staff', 'CCTV Security', 'Freehold']",0,,921.9858156028369,0,0,1,0,1,0,0,0,0,0,,0,1352.352911454695,-31.823578905074584,good value
7740,"https://www.bayut.com/property/details-5701135.html
",Marco Polo Tower,Dubailand,Living Legends,349000,1.0,2,1009.0,25.080817,55.302014,"Hot Cheapest Deal, Living Legends, 1 Bedroom",Unfurnished,"['Balcony or Terrace', 'Shared Kitchen', 'Parking Spaces', 'Swimming Pool', 'Parking Spaces', 'Centrally Air-Conditioned', 'Balcony or Terrace', 'Lobby in Building', 'Gym or Health Club', 'Swimming Pool', 'Kids Play Area', 'Lawn or Garden', 'Barbeque Area', 'Cafeteria or Canteen', 'Waste Disposal', 'Security Staff', 'CCTV Security', 'Shared Kitchen', 'Laundry Facility', 'Broadband Internet', 'Satellite/Cable TV', 'Intercom', '24 Hours Concierge', 'Freehold']",0,,345.88701684836474,0,0,1,0,0,0,0,0,0,0,,0,679.1383219954648,-49.06972473117568,good value
7818,"https://www.bayut.com/property/details-5900697.html
",,Jumeirah Village Circle (JVC),Le Grand Chateau,525000,1.0,2,961.0,25.064329,55.206956,"Distress Deal for this week, Spacious 1BHK with Huge Balcony",Unfurnished,"['Balcony or Terrace', 'Parking Spaces', 'Swimming Pool', 'Flooring', 'Electricity Backup', 'Parking Spaces', 'Centrally Air-Conditioned', 'Central Heating', 'Double Glazed Windows', 'Balcony or Terrace', 'Lobby in Building', 'Elevators in Building: 2', 'Service Elevators', 'Completion Year: 2009', 'Flooring', 'Gym or Health Club', 'Facilities for Disabled', 'Swimming Pool', 'Jacuzzi', 'Sauna', 'Steam Room', 'Kids Play Area', 'Lawn or Garden', 'Barbeque Area', 'Waste Disposal', 'Security Staff', 'CCTV Security', 'Broadband Internet', 'Satellite/Cable TV', 'Intercom', '24 Hours Concierge', 'Freehold']",2009,,546.30593132154,0,0,0,1,0,0,0,0,0,0,,0,813.2859142247321,-32.827321638502966,good value
7835,"https://www.bayut.com/property/details-5598738.html
",,DAMAC Hills 2 (Akoya by DAMAC),Coursetia,1200000,3.0,4,1905.0,24.98654,55.396192768246,"Brand new, Best price, Maids Room",Unfurnished,"['Balcony or Terrace', 'Parking Spaces: 2', 'Maids Room', 'Swimming Pool', 'Parking Spaces: 2', 'Centrally Air-Conditioned', 'Central Heating', 'Double Glazed Windows', 'Balcony or Terrace', 'Gym or Health Club', 'Swimming Pool', 'Maintenance Staff', 'Business Center', 'Broadband Internet', 'Satellite/Cable TV', 'Intercom', 'Maids Room']",0,,629.9212598425197,0,0,1,0,0,0,0,0,0,1,,1,1422.327221234846,-55.71193109166327,great value
8102,"https://www.bayut.com/property/details-5886028.html
",The Residence 9,Downtown Dubai,The Residences,4950000,3.0,5,2605.0,25.191158,55.275108,"Best Priced Tenanted,3Bedroom+Maids, Huge Terrace",,"['Balcony or Terrace', 'Parking Spaces', 'Maids Room', 'Swimming Pool', 'Parking Spaces', 'Centrally Air-Conditioned', 'Central Heating', 'Study Room', 'Balcony or Terrace', 'Gym or Health Club', 'Swimming Pool', 'Sauna', 'Steam Room', 'Kids Play Area', 'Barbeque Area', 'Maintenance Staff', 'Business Center', 'Laundry Room', 'Laundry Facility', 'Intercom', 'ATM Facility', '24 Hours Concierge', 'Maids Room', 'Floor']",0,,1900.1919385796543,0,0,1,0,0,1,0,0,0,0,,0,2850.356294536817,-33.334932821497134,good value
8254,"https://www.bayut.com/property/details-5466129.html
",,Jumeirah Village Circle (JVC),Diamond Views,400000,1.0,1,593.0,25.052692,55.203335,"Pool View One Bedroom, Best Price, Rented Property",Unfurnished,"['Parking Spaces: 1', 'Swimming Pool', 'View', 'Centrally Air-Conditioned', 'Parking Spaces: 1', 'Centrally Air-Conditioned', 'Double Glazed Windows', 'Gym or Health Club', 'Facilities for Disabled', 'Swimming Pool', 'Kids Play Area', 'Lawn or Garden', 'Waste Disposal', 'Business Center', 'Conference Room', 'Security Staff', 'CCTV Security', 'Laundry Room', 'Broadband Internet', 'Satellite/Cable TV', 'Intercom', 'View', 'Freehold']",0,,674.5362563237774,1,0,1,0,0,1,0,0,0,0,,0,967.424042790431,-30.27501628157289,good value
8292,"https://www.bayut.com/property/details-5705030.html
",8 Boulevard Walk,Downtown Dubai,Mohammad Bin Rashid Boulevard,980000,1.0,1,865.0000000000001,25.191167,55.269865,"Highest Floor, Exclusive Unit, Distress, Rented",,[],0,,1132.9479768786125,0,0,0,1,0,1,0,0,0,0,,0,1750.4454545454546,-35.27659065658749,good value
8318,"https://www.bayut.com/property/details-5721040.html
",,Dubai Marina,Sulafa Tower,1275000,2.0,3,1389.0,25.089437,55.149102,"EXCLUSIVE,VACANT,HIGH FLOOR,ENSUITE BEDROOMS,BEST PRICE",Furnished,"['Furnished', 'Balcony or Terrace', 'Parking Spaces', 'Swimming Pool', 'Furnished', 'Parking Spaces', 'Centrally Air-Conditioned', 'Central Heating', 'Balcony or Terrace', 'Total Floors', 'Gym or Health Club', 'Swimming Pool', 'Sauna', 'Steam Room', 'Maintenance Staff', 'Laundry Facility', 'Broadband Internet', 'Intercom', 'ATM Facility', 'Floor']",0,,917.92656587473,0,0,1,0,0,0,1,0,0,0,,0,1458.4369817578772,-37.06093733523278,good value
8399,"https://www.bayut.com/property/details-5279661.html
",Diamond Views IV,Jumeirah Village Circle (JVC),Diamond Views,425000,1.0,1,711.0,25.064273,55.216234,"Beautiful one bedroom park view, Investor deal, Best Price",Unfurnished,"['Balcony or Terrace', 'Parking Spaces: 1', 'Swimming Pool', 'Floor: 3', 'Parking Spaces: 1', 'Centrally Air-Conditioned', 'Double Glazed Windows', 'Balcony or Terrace', 'Lobby in Building', 'Elevators in Building: 4', 'Completion Year: 2011', 'Reception/Waiting Room', 'Flooring', 'Total Floors: 5', 'Gym or Health Club', 'Facilities for Disabled', 'Swimming Pool', 'Kids Play Area', 'Lawn or Garden', 'Waste Disposal', 'Security Staff', 'CCTV Security', 'Broadband Internet', 'Satellite/Cable TV', 'Intercom', '24 Hours Concierge', 'Floor: 3', 'View', 'Freehold']",2011,3.0,597.7496483825598,1,0,1,0,1,0,0,0,0,0,,0,967.424042790431,-38.2122397270162,good value
8482,"https://www.bayut.com/property/details-5324255.html
",,Dubai Marina,Sulafa Tower,900000,1.0,2,916.0,25.089437,55.149102,Higher floor l Sea view l Best Price,Unfurnished,"['Balcony or Terrace', 'Parking Spaces: 1', 'Swimming Pool', 'Floor: 63', 'Electricity Backup', 'Parking Spaces: 1', 'Centrally Air-Conditioned', 'Balcony or Terrace', 'Lobby in Building', 'Prayer Room', 'Reception/Waiting Room', 'Gym or Health Club', 'Swimming Pool', 'Sauna', 'Barbeque Area', 'Maintenance Staff', 'Cleaning Services', 'Security Staff', 'CCTV Security', 'Laundry Facility', 'Satellite/Cable TV', '24 Hours Concierge', 'Floor: 63', 'View']",0,63.0,982.5327510917032,1,0,1,0,0,0,0,0,0,0,,0,1524.779462290593,-35.56230422885565,good value
8652,"https://www.bayut.com/property/details-5340362.html
",,Dubai Marina,Princess Tower,1650000,2.0,3,1800.0000000000002,25.0884,55.147004,"Duplex 2BHK , Breath Taking Views, Affordable deal",Unfurnished,"['Balcony or Terrace', 'Swimming Pool', 'Jacuzzi', 'Sauna', 'Electricity Backup', 'Centrally Air-Conditioned', 'Central Heating', 'Double Glazed Windows', 'Balcony or Terrace', 'Lobby in Building', 'Completion Year: 2009', 'Swimming Pool', 'Jacuzzi', 'Sauna', 'Lawn or Garden', 'Barbeque Area', 'Waste Disposal', 'Security Staff', 'CCTV Security', 'Broadband Internet', 'Satellite/Cable TV', 'Intercom']",2009,,916.6666666666664,1,0,1,0,0,0,0,0,0,0,,0,1458.4369817578772,-37.14732428398836,good value
8726,"https://www.bayut.com/property/details-5196787.html
",,Jumeirah Village Circle (JVC),Diamond Views,395000,1.0,1,665.0,25.052692,55.203335,"Best priced One Bedroom, Investor Deal, Beside Circle Mall",Unfurnished,"['Balcony or Terrace', 'Parking Spaces: 1', 'Swimming Pool', 'Floor', 'Parking Spaces: 1', 'Centrally Air-Conditioned', 'Balcony or Terrace', 'Lobby in Building', 'Elevators in Building: 4', 'Service Elevators', 'Completion Year: 2011', 'Reception/Waiting Room', 'Flooring', 'Total Floors: 5', 'Gym or Health Club', 'Facilities for Disabled', 'Swimming Pool', 'Kids Play Area', 'Lawn or Garden', 'Cafeteria or Canteen', 'Waste Disposal', 'Security Staff', 'CCTV Security', 'Broadband Internet', 'Satellite/Cable TV', 'Intercom', 'Floor', 'View', 'Freehold']",2011,,593.984962406015,0,0,1,0,1,0,0,0,0,0,,0,967.424042790431,-38.60138510794822,good value
8778,"https://www.bayut.com/property/details-5084797.html
",,Downtown Dubai,The Distinction,2900000,3.0,4,1800.0000000000002,25.187956965319,55.279643833637,Distress deal!! lowest price for super luxury amazing 3 bedrooms Downtown area !,Furnished,['Furnished'],0,,1611.1111111111109,0,0,0,1,0,0,0,0,0,0,,0,2794.026135656503,-42.33729274931949,good value
9500,"https://www.bayut.com/property/details-5917184.html
",Harbour Views,The Lagoons,Dubai Creek Harbour,2249999,3.0,3,1606.0000000000002,25.20630017458,55.344507694244,"Cheapest Price, Investor Deal, Future Downtown",,[],0,,1400.9956413449563,0,0,1,0,1,0,0,0,0,0,,0,2038.1941747572814,-31.262896406236948,good value
9879,"https://www.bayut.com/property/details-5865301.html
",Lincoln Park A,Arjan,Lincoln Park,450000,1.0,2,782.0000000000001,25.060801,55.237134,"Heart of Arjan, Stylish 1 BHK, Distress Sale",Unfurnished,"['Balcony or Terrace', 'Parking Spaces', 'Swimming Pool', 'View', 'Parking Spaces', 'Centrally Air-Conditioned', 'Central Heating', 'Balcony or Terrace', 'Lobby in Building', 'Gym or Health Club', 'Swimming Pool', 'Security Staff', 'View']",0,,575.4475703324807,0,0,0,1,0,0,0,0,0,0,,0,921.5062571103524,-37.55359055976876,good value
9998,"https://www.bayut.com/property/details-5854499.html
",Siena,Jumeirah Village Circle (JVC),Tuscan Residence,485000,1.0,2,957.0,25.063278,55.208412,"Best Price, Unique Layout, Ready To Move",,"['Balcony or Terrace', 'Parking Spaces', 'Swimming Pool', 'Centrally Air-Conditioned', 'Parking Spaces', 'Centrally Air-Conditioned', 'Balcony or Terrace', 'Gym or Health Club', 'Swimming Pool', 'Security Staff']",0,,506.7920585161965,0,0,1,0,0,0,0,0,0,0,,0,813.2859142247321,-37.68586795219514,good value
10060,"https://www.bayut.com/property/details-5452739.html
",,Downtown Dubai,Mada Residences by ARTAR,2049990,2.0,3,1656.0,25.193583,55.285234,Best Price in DWTN 2 Bed + Maid High Floor,,['Balcony or Terrace'],0,,1237.9166666666667,0,0,1,0,0,0,0,0,0,0,,0,2356.7802755620014,-47.47424358974358,good value
10194,"https://www.bayut.com/property/details-5361495.html
",,Business Bay,Millennium Binghatti Residences,1250000,2.0,3,1393.0,25.180621,55.269121,"Best Priced 2BR, Great Investment Opportunity",Unfurnished,"['Balcony or Terrace', 'Jacuzzi', 'Sauna', 'Steam Room', 'Electricity Backup', 'Central Heating', 'Double Glazed Windows', 'Balcony or Terrace', 'Lobby in Building', 'Service Elevators', 'Prayer Room', 'Reception/Waiting Room', 'Facilities for Disabled', 'Jacuzzi', 'Sauna', 'Steam Room', 'Day Care Center', 'Kids Play Area', 'Lawn or Garden', 'Barbeque Area', 'Cafeteria or Canteen', 'Waste Disposal', 'Maintenance Staff', 'Business Center', 'Conference Room', 'Security Staff', 'CCTV Security', 'Laundry Room', 'Laundry Facility', 'Broadband Internet', 'Satellite/Cable TV', 'Intercom', 'ATM Facility', 'Freehold']",0,,897.3438621679828,0,0,1,0,1,0,0,0,0,0,,0,1352.352911454695,-33.64573296161794,good value
10216,"https://www.bayut.com/property/details-5860781.html
",,Dubai Marina,Escan Marina Tower,1100000,2.0,2,1103.0,25.068182808807,55.133226960925,"Tenanted,Partial Marina Views,Best Price in Market",,"['Balcony or Terrace', 'Parking Spaces', 'Swimming Pool', 'Floor', 'Parking Spaces', 'Centrally Air-Conditioned', 'Balcony or Terrace', 'Gym or Health Club', 'Swimming Pool', 'Broadband Internet', 'Floor']",0,,997.2801450589302,1,0,1,0,0,1,0,0,0,0,,0,1528.2555282555284,-34.74388761431116,good value
10375,"https://www.bayut.com/property/details-5824518.html
",Emirates Gardens,Jumeirah Village Circle (JVC),JVC District 12,1050000,2.0,3,1919.0,25.053682,55.213066,"Distress Deal, Hot Deal, Spacious Living,Rented",Unfurnished,"['Balcony or Terrace', 'Parking Spaces: 1', 'Maids Room', 'Swimming Pool', 'Parking Spaces: 1', 'Centrally Air-Conditioned', 'Central Heating', 'Balcony or Terrace', 'Lobby in Building', 'Prayer Room', 'Reception/Waiting Room', 'Gym or Health Club', 'Swimming Pool', 'Jacuzzi', 'Sauna', 'Steam Room', 'Kids Play Area', 'Lawn or Garden', 'Barbeque Area', 'Waste Disposal', 'Maintenance Staff', 'Cleaning Services', 'Security Staff', 'CCTV Security', '24 Hours Concierge', 'Maids Room', 'Freehold']",0,,547.1599791558103,0,0,0,1,0,1,0,0,0,0,,0,803.1369642171121,-31.8721459061251,good value
10460,"https://www.bayut.com/property/details-5346977.html
",Fox Hill,Motor City,Uptown Motor City,599999,1.0,2,1421.0,25.047524656157,55.246850699214,"BEST PRICE,  LARGE LAYOUT,  PEACEFUL AREA",Unfurnished,"['Balcony or Terrace', 'Parking Spaces: 1', 'Swimming Pool', 'Centrally Air-Conditioned', 'Parking Spaces: 1', 'Centrally Air-Conditioned', 'Balcony or Terrace', 'Swimming Pool', 'Kids Play Area', 'Lawn or Garden', 'Barbeque Area']",0,,422.23715693173824,0,0,1,0,0,0,0,0,0,0,,0,636.9426751592357,-33.708766361717096,good value
10649,"https://www.bayut.com/property/details-5772130.html
",Emirates Gardens,Jumeirah Village Circle (JVC),JVC District 12,470000,1.0,2,844.0,25.053682,55.213066,"SPACIOUS & AFFORDABLE 1 BEDROOM IN JVC,CORNER UNIT,OWN YOUR PROPERTY NOW!!!",Unfurnished,[],0,,556.872037914692,0,0,1,0,0,0,0,0,0,0,,0,813.2859142247321,-31.528134426681618,good value
11182,"https://www.bayut.com/property/details-5703092.html
",Golden Mile 3,Palm Jumeirah,Golden Mile,2050000,2.0,3,1887.0,25.106388,55.147462,"Vacant, Partial Sea View, Well Priced",,[],0,,1086.380498145204,1,0,1,0,0,0,1,0,0,0,,0,1611.1111111111109,-32.56948632202182,good value
11251,"https://www.bayut.com/property/details-5780975.html
",South Ridge 1,Downtown Dubai,South Ridge Towers,1999999,2.0,2,1485.0,25.186969,55.276799,"Best Price, Spacious Layout, Community View",,[],0,,1346.8006734006733,1,0,1,0,0,0,0,0,0,0,,0,2111.9718309859154,-36.2301781850965,good value
11383,"https://www.bayut.com/property/details-5654426.html
",Burj Views C,Downtown Dubai,Burj Views,1520000,2.0,3,1487.0,25.190219,55.281293,"Slightly Negotiable - Exclusive Rented 2 Bed Room, High Floor",Unfurnished,"['Balcony or Terrace', 'Swimming Pool', 'Jacuzzi', 'Sauna', 'Centrally Air-Conditioned', 'Double Glazed Windows', 'Balcony or Terrace', 'Service Elevators', 'Reception/Waiting Room', 'Gym or Health Club', 'Swimming Pool', 'Jacuzzi', 'Sauna', 'Kids Play Area', 'Security Staff', 'CCTV Security', 'Freehold']",0,,1022.1923335574984,0,1,0,0,0,1,0,0,0,0,,0,2356.7802755620014,-56.627592985360295,great value
11580,"https://www.bayut.com/property/details-5669277.html
",,Dubai Marina,Escan Marina Tower,1060000,2.0,2,1190.0,25.068182808807,55.133226960925,Distress Deal !! Full Marina & Sea view,Unfurnished,"['Balcony or Terrace', 'Swimming Pool', 'Steam Room', 'Lobby in Building', 'Balcony or Terrace', 'Lobby in Building', 'Gym or Health Club', 'Facilities for Disabled', 'Swimming Pool', 'Steam Room', 'Day Care Center', 'Security Staff']",0,,890.7563025210084,1,0,0,1,0,0,0,0,0,0,,0,1528.2555282555284,-41.71417763246779,good value
11685,"https://www.bayut.com/property/details-5584027.html
",Grenland Residence,Mohammed Bin Rashid City,District 11,1680000,3.0,3,2250.0,25.127874,55.355857,Brand New I Spacious I Negotiable I High Quality & Luxury,,[],0,,746.6666666666666,0,1,0,0,0,0,0,0,0,1,,0,1806.25,-58.662053056516726,great value
11702,"https://www.bayut.com/property/details-5617628.html
",Lake Point Tower,Jumeirah Lake Towers (JLT),JLT Cluster N,595000,1.0,2,901.0,25.063355,55.137683,"Large Size, Investment, Well Priced",Unfurnished,"['Balcony or Terrace', 'Parking Spaces', 'Swimming Pool', 'Jacuzzi', 'Electricity Backup', 'Parking Spaces', 'Centrally Air-Conditioned', 'Central Heating', 'Double Glazed Windows', 'Balcony or Terrace', 'Lobby in Building', 'Completion Year: 2007', 'First Aid Medical Center', 'Swimming Pool', 'Jacuzzi', 'Sauna', 'Steam Room', 'Day Care Center', 'Barbeque Area', 'Waste Disposal', 'Cleaning Services', 'Business Center', 'Security Staff', 'CCTV Security', 'Broadband Internet', 'Satellite/Cable TV', 'Intercom', 'ATM Facility', '24 Hours Concierge']",2007,,660.377358490566,0,0,1,0,1,0,0,0,0,0,,0,969.2671394799054,-31.868384721583055,good value
12095,"https://www.bayut.com/property/details-5931478.html
",BLVD Crescent Tower 1,Downtown Dubai,BLVD Crescent Towers,4250000,3.0,5,2225.0,25.191735,55.27048,"Best Price, Brand New, 03 Layout, Great Offer",Unfurnished,[],0,,1910.112359550562,0,0,1,0,0,0,0,0,0,1,,1,2850.356294536817,-32.98689138576779,good value
12281,"https://www.bayut.com/property/details-5462509.html
",,Dubai Marina,KG Tower,2145000,3.0,5,2613.0,25.069512,55.12741,"Stunning Marina View, Spacious 3 Bed, Best Price",Unfurnished,"['Furnished', 'Balcony or Terrace', 'Parking Spaces', 'Swimming Pool', 'Furnished', 'Parking Spaces', 'Centrally Air-Conditioned', 'Double Glazed Windows', 'Storage Areas', 'Balcony or Terrace', 'Lobby in Building', 'Elevators in Building: 3', 'Service Elevators', 'Completion Year: 2007', 'Reception/Waiting Room', 'Gym or Health Club', 'Swimming Pool', 'Jacuzzi', 'Sauna', 'Steam Room', 'Waste Disposal', 'Maintenance Staff', 'Cleaning Services', 'Security Staff', 'CCTV Security', 'Broadband Internet', 'Satellite/Cable TV', 'Intercom', '24 Hours Concierge', 'View']",2007,,820.8955223880597,1,0,1,0,0,0,0,0,0,0,,0,1240.4239482200646,-33.82137425144069,good value
12311,"https://www.bayut.com/property/details-5669853.html
",Seasons Community,Jumeirah Village Circle (JVC),JVC District 15,330000,1.0,2,662.0,25.058898456464,55.203511896243,"1 BHK  Rented, Affordable price",,[],0,,498.4894259818731,0,0,1,0,0,1,0,0,0,0,,0,813.2859142247321,-38.706742946967175,good value
12388,"https://www.bayut.com/property/details-5494716.html
",Burj Views Podium,Downtown Dubai,Burj Views,1700000,2.0,2,1364.0,25.190677,55.281575,Burj Khalifa Views / Vacant / Best Price,Unfurnished,"['Balcony or Terrace', 'Centrally Air-Conditioned', 'Lobby in Building', 'Gym or Health Club', 'Centrally Air-Conditioned', 'Balcony or Terrace', 'Lobby in Building', 'Gym or Health Club', 'Kids Play Area']",0,,1246.3343108504398,1,0,1,0,0,0,1,0,0,0,,0,2111.9718309859154,-40.9871716769715,good value
12883,"https://www.bayut.com/property/details-5553410.html
",Emirates Gardens,Jumeirah Village Circle (JVC),JVC District 12,450000,1.0,2,844.0,25.053682,55.213066,"Spacious 1 BR, Corner Unit, Negotiable",Unfurnished,[],0,,533.175355450237,0,1,0,0,0,0,0,0,0,0,,0,813.2859142247321,-34.44183083405686,good value
12919,"https://www.bayut.com/property/details-5257580.html
",,Dubai Marina,KG Tower,1599999,3.0,5,2613.0,25.069512,55.12741,"Vacant, Upgraded, High Floor, Distress",Unfurnished,"['Furnished', 'Balcony or Terrace', 'Shared Kitchen', 'Parking Spaces', 'Furnished', 'Parking Spaces', 'Centrally Air-Conditioned', 'Central Heating', 'Double Glazed Windows', 'Storage Areas', 'Balcony or Terrace', 'Lobby in Building', 'Elevators in Building: 3', 'Service Elevators', 'Completion Year: 2007', 'Prayer Room', 'Reception/Waiting Room', 'First Aid Medical Center', 'Gym or Health Club', 'Facilities for Disabled', 'Swimming Pool', 'Jacuzzi', 'Sauna', 'Steam Room', 'Waste Disposal', 'Security Staff', 'CCTV Security', 'Shared Kitchen', 'Laundry Facility', 'Broadband Internet', 'Satellite/Cable TV', 'Intercom', '24 Hours Concierge', 'View']",2007,,612.3226176808266,0,0,0,1,0,0,1,0,0,0,upgraded,0,1240.4239482200646,-50.636020970130936,great value
13491,"https://www.bayut.com/property/details-5689859.html
",Burj Views Podium,Downtown Dubai,Burj Views,850000,0.0,1,595.0,25.190677,55.281575,"Spacious Studio, Community View, Best Price",,[],0,,1428.571428571429,1,0,1,0,0,0,0,0,0,0,,0,2068.2120395327943,-30.927225967887665,good value
14213,"https://www.bayut.com/property/details-5931270.html
",,Jumeirah Village Circle (JVC),Tuscan Residence,470000,1.0,2,957.0,25.063617,55.208466,"Great Look with Great Quality 1BR for Sale in Tuscan Residence, Very  Affordable",Unfurnished,"['Balcony or Terrace', 'Parking Spaces', 'Swimming Pool', 'Electricity Backup', 'Electricity Backup', 'Parking Spaces', 'Centrally Air-Conditioned', 'Double Glazed Windows', 'Balcony or Terrace', 'Lobby in Building', 'Completion Year: 2008', 'First Aid Medical Center', 'Gym or Health Club', 'Swimming Pool', 'Kids Play Area', 'Waste Disposal', 'Security Staff', 'CCTV Security', 'Broadband Internet', 'Satellite/Cable TV', 'Intercom', '24 Hours Concierge']",2008,,491.11807732497385,0,0,1,0,0,0,0,0,0,0,,0,813.2859142247321,-39.61310914954994,good value
14477,"https://www.bayut.com/property/details-5941246.html
",Marina Diamond 6,Dubai Marina,Marina Diamonds,1100000,2.0,2,1084.0,25.080789,55.145815,Well-priced I Ready to Move in I Balcony I Spacious,Unfurnished,"['Balcony or Terrace', 'Parking Spaces: 1', 'Swimming Pool', 'Jacuzzi', 'Electricity Backup', 'Parking Spaces: 1', 'Centrally Air-Conditioned', 'Central Heating', 'Double Glazed Windows', 'Balcony or Terrace', 'Lobby in Building', 'Service Elevators', 'Completion Year: 2008', 'Reception/Waiting Room', 'Gym or Health Club', 'Swimming Pool', 'Jacuzzi', 'Sauna', 'Steam Room', 'Day Care Center', 'Kids Play Area', 'Lawn or Garden', 'Waste Disposal', 'Security Staff', 'CCTV Security', 'Broadband Internet', 'Satellite/Cable TV', 'Intercom', '24 Hours Concierge', 'Freehold']",2008,,1014.760147601476,0,0,1,0,0,0,0,0,0,0,,0,1528.2555282555284,-33.60009966659153,good value
14514,"https://www.bayut.com/property/details-5936285.html
",Golden Mile 3,Palm Jumeirah,Golden Mile,2000000,2.0,3,1887.0,25.106388,55.147462,"New to the Market, Bright Unit, Best Price",,"['Balcony or Terrace', 'Parking Spaces', 'Centrally Air-Conditioned', 'Kids Play Area', 'Parking Spaces', 'Centrally Air-Conditioned', 'Balcony or Terrace', 'Kids Play Area', 'Business Center', 'Satellite/Cable TV', 'ATM Facility']",0,,1059.8834128245892,0,0,1,0,0,0,0,0,0,0,,0,1611.1111111111109,-34.21413299709445,good value
14530,"https://www.bayut.com/property/details-5934465.html
",,Dubai Marina,Marina Pearl,700000,1.0,2,877.0,25.069799423218,55.134300231934,"Prime Location, With Balcony, Well Priced, Spacious",Unfurnished,"['Furnished', 'Parking Spaces', 'Electricity Backup', 'Centrally Air-Conditioned', 'Furnished', 'Electricity Backup', 'Parking Spaces', 'Centrally Air-Conditioned', 'Lobby in Building', 'Service Elevators', 'Waste Disposal', 'CCTV Security', 'Broadband Internet', 'Satellite/Cable TV', 'Intercom', '24 Hours Concierge']",0,,798.175598631699,0,0,1,0,0,0,0,0,0,0,,0,1524.779462290593,-47.65304633414702,good value
14531,"https://www.bayut.com/property/details-5941863.html
",Emirates Gardens,Jumeirah Village Circle (JVC),JVC District 12,320000,0.0,1,538.0,25.054133,55.212482,"Affordable Investment, Perfect Studio, JVC",,"['Balcony or Terrace', 'Parking Spaces', 'Swimming Pool', 'Jacuzzi', 'Parking Spaces', 'Centrally Air-Conditioned', 'Balcony or Terrace', 'Lobby in Building', 'Elevators in Building', 'Swimming Pool', 'Jacuzzi', 'Sauna', 'Steam Room', 'Cafeteria or Canteen', 'Waste Disposal', 'Maintenance Staff', 'Security Staff', 'Broadband Internet', 'Satellite/Cable TV', 'Intercom', 'ATM Facility', '24 Hours Concierge']",0,,594.7955390334572,0,0,1,0,1,0,0,0,0,0,,0,930.2325581395348,-36.05947955390335,good value
15041,"https://www.bayut.com/property/details-5913552.html
",,Jumeirah Village Circle (JVC),,550000,2.0,2,1040.0,25.057944878629,55.209063291768,"BEST OPTION, 2BHK, JVC, ROAD VIEW, CHEAPEST PRICE, HOT DEAL",Unfurnished,[],0,,528.8461538461538,1,0,1,0,0,0,0,0,0,0,,0,873.7864077669902,-39.47649572649573,good value
15058,"https://www.bayut.com/property/details-5905353.html
",Courtyard Apartments,Mirdif,Uptown Mirdif,770000,1.0,2,1000.0,25.224609,55.425344,"Cheapest Deal, Vibrant, Community View",Unfurnished,"['Balcony or Terrace', 'Parking Spaces: 1', 'Swimming Pool', 'Jacuzzi', 'Parking Spaces: 1', 'Double Glazed Windows', 'Balcony or Terrace', 'Lobby in Building', 'Completion Year: 2012', 'Gym or Health Club', 'Swimming Pool', 'Jacuzzi', 'Sauna', 'Steam Room', 'Day Care Center', 'Kids Play Area', 'Cleaning Services', 'Laundry Room', 'Broadband Internet', 'Satellite/Cable TV']",2012,,770.0,1,0,1,0,0,0,0,0,0,0,,0,1167.8144899285248,-34.06487017924164,good value
15247,"https://www.bayut.com/property/details-5906022.html
",Madison Residences,Dubailand,Majan,500000,2.0,2,1167.0,25.094509,55.318415,BEST PRICE GENUINE RESALE 2 BEDROOM,,"['Parking Spaces', 'Swimming Pool', 'Sauna', 'Centrally Air-Conditioned', 'Parking Spaces', 'Centrally Air-Conditioned', 'Lobby in Building', 'Swimming Pool', 'Sauna', 'Waste Disposal', 'Broadband Internet', 'Satellite/Cable TV', 'Intercom', '24 Hours Concierge']",0,,428.4490145672665,0,0,1,0,0,0,0,0,0,0,,0,689.9023818566723,-37.89715388223184,good value
15553,"https://www.bayut.com/property/details-5881990.html
",Shams 4,Jumeirah Beach Residence (JBR),Shams,1760000,2.0,3,1836.0,25.072898,55.130092,"Best Price, Spacious Lay-out, Investor Deal",Unfurnished,"['Balcony or Terrace', 'Parking Spaces: 1', 'Swimming Pool', 'Jacuzzi', 'Electricity Backup', 'Parking Spaces: 1', 'Centrally Air-Conditioned', 'Central Heating', 'Double Glazed Windows', 'Balcony or Terrace', 'Lobby in Building', 'Service Elevators', 'Completion Year: 2006', 'First Aid Medical Center', 'Gym or Health Club', 'Facilities for Disabled', 'Swimming Pool', 'Jacuzzi', 'Sauna', 'Steam Room', 'Day Care Center', 'Kids Play Area', 'Lawn or Garden', 'Barbeque Area', 'Cafeteria or Canteen', 'Waste Disposal', 'Maintenance Staff', 'Business Center', 'Conference Room', 'Security Staff', 'CCTV Security', 'Broadband Internet', 'Satellite/Cable TV', 'Intercom', 'ATM Facility', '24 Hours Concierge', 'View', 'Freehold']",2006,,958.6056644880174,0,0,1,0,1,0,0,0,0,0,,0,1708.0745341614906,-43.87799564270153,good value
15738,"https://www.bayut.com/property/details-5880946.html
",,Dubai Marina,Marina Pinnacle,1050000,3.0,3,1583.0,25.08869934082,55.14820098877,Genuine Listing Best Price Bright 3 Bedroom,Unfurnished,"['Balcony or Terrace', 'Parking Spaces', 'Swimming Pool', 'Jacuzzi', 'Electricity Backup', 'Parking Spaces', 'Centrally Air-Conditioned', 'Central Heating', 'Double Glazed Windows', 'Balcony or Terrace', 'Lobby in Building', 'Service Elevators', 'Completion Year: 2008', 'Reception/Waiting Room', 'Gym or Health Club', 'Swimming Pool', 'Jacuzzi', 'Sauna', 'Steam Room', 'Waste Disposal', 'Maintenance Staff', 'Security Staff', 'CCTV Security', 'Broadband Internet', 'Satellite/Cable TV', 'Intercom', '24 Hours Concierge', 'Freehold']",2008,,663.2975363234365,0,0,1,0,0,0,0,0,0,0,,0,1610.8247422680413,-58.822488945041066,great value
15758,"https://www.bayut.com/property/details-5936555.html
",,Downtown Dubai,The Signature,1499999,2.0,3,1372.0,25.195101326422,55.283763912426,2BR-DISTRESS DEAL-THE SIGNATURE-DUBAI MALL STREET,Furnished,['Furnished'],0,,1093.2937317784256,0,0,0,1,0,0,0,0,0,0,,0,2356.7802755620014,-53.61070596546311,great value
15894,"https://www.bayut.com/property/details-5869338.html
",,Dubai Sports City,The Bridge,350000,0.0,1,758.0,25.043134,55.22208,"Best Price, Furnished Loft Studio, Ground Floor",Furnished,"['Furnished', 'Balcony or Terrace', 'Parking Spaces', 'Swimming Pool', 'Furnished', 'Electricity Backup', 'Parking Spaces', 'Centrally Air-Conditioned', 'Central Heating', 'Double Glazed Windows', 'Balcony or Terrace', 'Lobby in Building', 'Completion Year: 2011', 'Gym or Health Club', 'Swimming Pool', 'Jacuzzi', 'Sauna', 'Kids Play Area', 'Lawn or Garden', 'Cafeteria or Canteen', 'Waste Disposal', 'Maintenance Staff', 'Business Center', 'Security Staff', 'CCTV Security', 'Laundry Facility', 'Broadband Internet', 'Satellite/Cable TV', 'Intercom', 'ATM Facility', '24 Hours Concierge']",2011,,461.7414248021108,0,0,1,0,0,0,0,0,1,0,,0,702.4029574861368,-34.26260241633105,good value
16549,"https://www.bayut.com/property/details-5820590.html
",,Dubai Marina,Marina Crown,749999,1.0,2,811.0,25.089967,55.148283,BEST PRICE / Large Layout / Hight ROI,Furnished,"['Furnished', 'Balcony or Terrace', 'Parking Spaces', 'Swimming Pool', 'Furnished', 'Electricity Backup', 'Parking Spaces', 'Centrally Air-Conditioned', 'Double Glazed Windows', 'Balcony or Terrace', 'Lobby in Building', 'Completion Year: 2006', 'Swimming Pool', 'Jacuzzi', 'Sauna', 'Steam Room', 'Day Care Center', 'Kids Play Area', 'Lawn or Garden', 'Barbeque Area', 'Cafeteria or Canteen', 'Waste Disposal', 'Security Staff', 'CCTV Security', 'Laundry Facility', 'Broadband Internet', 'Satellite/Cable TV', 'Intercom', '24 Hours Concierge']",2006,,924.7829839704068,0,0,1,0,1,0,0,0,0,0,,0,1524.779462290593,-39.34972192102091,good value
16632,"https://www.bayut.com/property/details-5854497.html
",Siena,Jumeirah Village Circle (JVC),Tuscan Residence,489999,1.0,2,928.0,25.063278,55.208412,"Best Price, Unique Layout, Ready To Move",,"['Balcony or Terrace', 'Parking Spaces', 'Swimming Pool', 'Centrally Air-Conditioned', 'Parking Spaces', 'Centrally Air-Conditioned', 'Balcony or Terrace', 'Gym or Health Club', 'Swimming Pool', 'Security Staff']",0,,528.0161637931035,0,0,1,0,0,0,0,0,0,0,,0,813.2859142247321,-35.07619466194285,good value
17835,"https://www.bayut.com/property/details-5798401.html
",,Dubai Marina,Sulafa Tower,610000,1.0,2,752.0,25.089437,55.149102,"Cheapest deal, Beautiful 1Br, Next to Tram",Unfurnished,[],0,,811.1702127659574,0,0,1,0,0,0,0,0,0,0,,0,1524.779462290593,-46.800817244260315,good value
17906,"https://www.bayut.com/property/details-5766083.html
",,Dubai Marina,Mag 218 Tower,1650000,2.0,2,1756.0,25.087999343872,55.149101257324,Best Price 2 bed Partial Palm & Sheikh Zayed Road view,Furnished,"['Furnished', 'Balcony or Terrace', 'Parking Spaces', 'Swimming Pool', 'Furnished', 'Electricity Backup', 'Parking Spaces', 'Centrally Air-Conditioned', 'Central Heating', 'Double Glazed Windows', 'Balcony or Terrace', 'Lobby in Building', 'Elevators in Building: 7', 'Service Elevators', 'Completion Year: 2009', 'First Aid Medical Center', 'Gym or Health Club', 'Swimming Pool', 'Jacuzzi', 'Sauna', 'Steam Room', 'Day Care Center', 'Kids Play Area', 'Barbeque Area', 'Cafeteria or Canteen', 'Waste Disposal', 'Business Center', 'Security Staff', 'CCTV Security', 'Laundry Facility', 'Broadband Internet', 'Satellite/Cable TV', 'Intercom', '24 Hours Concierge']",2009,,939.6355353075172,1,0,1,0,0,0,0,0,0,0,,0,1528.2555282555284,-38.51580982794863,good value
17946,"https://www.bayut.com/property/details-5753303.html
",Bay Central West,Dubai Marina,Bay Central,1250000,1.0,2,1464.0,25.078416,55.137473,"Partial Marina view, Rented, Best Price",Unfurnished,"['Balcony or Terrace', 'Shared Kitchen', 'Parking Spaces: 1', 'Swimming Pool', 'Parking Spaces: 1', 'Centrally Air-Conditioned', 'Central Heating', 'Double Glazed Windows', 'Storage Areas', 'Balcony or Terrace', 'Lobby in Building', 'Service Elevators', 'Completion Year: 2009', 'Reception/Waiting Room', 'Flooring', 'First Aid Medical Center', 'Gym or Health Club', 'Facilities for Disabled', 'Swimming Pool', 'Jacuzzi', 'Sauna', 'Steam Room', 'Day Care Center', 'Kids Play Area', 'Lawn or Garden', 'Barbeque Area', 'Cafeteria or Canteen', 'Waste Disposal', 'Maintenance Staff', 'Cleaning Services', 'Business Center', 'Conference Room', 'Security Staff', 'CCTV Security', 'Shared Kitchen', 'Laundry Room', 'Laundry Facility', 'Broadband Internet', 'Satellite/Cable TV', 'Intercom', 'ATM Facility', '24 Hours Concierge', 'View', 'Freehold']",2009,,853.8251366120219,1,0,1,0,0,1,0,0,0,0,,0,1524.779462290593,-44.00336850488746,good value
18025,"https://www.bayut.com/property/details-5764202.html
",,Dubai Marina,Manchester Tower,585000,1.0,2,750.0000000000001,25.068199157715,55.13219833374,Best Price Biggest Layout of 1 Bedroom Apartment,Unfurnished,"['Balcony or Terrace', 'Parking Spaces', 'Swimming Pool', 'Steam Room', 'Parking Spaces', 'Centrally Air-Conditioned', 'Central Heating', 'Double Glazed Windows', 'Balcony or Terrace', 'Lobby in Building', 'Service Elevators', 'Completion Year: 2007', 'Reception/Waiting Room', 'Gym or Health Club', 'Swimming Pool', 'Steam Room', 'Day Care Center', 'Kids Play Area', 'Barbeque Area', 'Cafeteria or Canteen', 'Waste Disposal', 'Maintenance Staff', 'Cleaning Services', 'Business Center', 'Conference Room', 'Security Staff', 'CCTV Security', 'Broadband Internet', 'Satellite/Cable TV', 'Intercom', '24 Hours Concierge', 'Freehold']",2007,,779.9999999999999,0,0,1,0,0,0,0,0,0,0,,0,1524.779462290593,-48.84506125048088,good value
18176,"https://www.bayut.com/property/details-5743803.html
",,Dubai Marina,Sulafa Tower,850000,1.0,1,916.0,25.089437,55.149102,Fully Furnished I Amazing Unit I Best Price,,[],0,,927.9475982532751,0,0,1,0,0,0,0,0,1,0,,0,1499.6465182043125,-38.12224500981697,good value
18265,"https://www.bayut.com/property/details-5770150.html
",8 Boulevard Walk,Downtown Dubai,Mohammad Bin Rashid Boulevard,1150000,1.0,1,1063.0,25.191167,55.269865,"Best Priced 1BHK, Tenanted, Bright",Unfurnished,"['Balcony or Terrace', 'Parking Spaces: 1', 'Swimming Pool', 'Sauna', 'Electricity Backup', 'Parking Spaces: 1', 'Centrally Air-Conditioned', 'Central Heating', 'Double Glazed Windows', 'Storage Areas', 'Balcony or Terrace', 'Lobby in Building', 'Service Elevators', 'Prayer Room', 'Reception/Waiting Room', 'First Aid Medical Center', 'Gym or Health Club', 'Facilities for Disabled', 'Swimming Pool', 'Sauna', 'Steam Room', 'Kids Play Area', 'Lawn or Garden', 'Barbeque Area', 'Cafeteria or Canteen', 'Waste Disposal', 'Maintenance Staff', 'Cleaning Services', 'Security Staff', 'CCTV Security', 'Laundry Facility', 'Broadband Internet', 'Satellite/Cable TV', 'Intercom', 'ATM Facility', 'Freehold']",0,,1081.843838193791,0,0,1,0,0,1,0,0,0,0,,0,1750.4454545454546,-38.19608400910054,good value
18739,"https://www.bayut.com/property/details-5744105.html
",ACES Chateau,Jumeirah Village Circle (JVC),JVC District 11,1295000,3.0,4,2557.0,25.067342,55.21119,"STUDY ROOM, ROOF ACCESS, BEST PRICED, NEXT TO EXIT, OPEN VIEW",Unfurnished,"['Balcony or Terrace', 'Maids Room', 'Swimming Pool', 'Floor: 4', 'Centrally Air-Conditioned', 'Double Glazed Windows', 'Study Room', 'Balcony or Terrace', 'Service Elevators', 'Reception/Waiting Room', 'Gym or Health Club', 'Swimming Pool', 'Waste Disposal', 'Maintenance Staff', 'Cleaning Services', 'Security Staff', 'CCTV Security', 'Laundry Room', 'Laundry Facility', 'Broadband Internet', 'Satellite/Cable TV', 'Intercom', '24 Hours Concierge', 'Maids Room', 'Floor: 4', 'View']",0,4.0,506.45287446226047,1,0,1,0,0,0,0,0,0,0,,0,900.4634794156707,-43.756422549095696,good value
18760,"https://www.bayut.com/property/details-5708747.html
",Seasons Community,Jumeirah Village Circle (JVC),JVC District 15,339999,1.0,2,600.0,25.05875036192,55.20285973806,"COZY 1BEDROOM,BEST PRICE,",Unfurnished,"['Balcony or Terrace', 'Swimming Pool', 'Sauna', 'Steam Room', 'Centrally Air-Conditioned', 'Balcony or Terrace', 'Lobby in Building', 'Service Elevators', 'Reception/Waiting Room', 'Gym or Health Club', 'Swimming Pool', 'Sauna', 'Steam Room', 'Waste Disposal', 'Maintenance Staff', 'Security Staff', 'CCTV Security', '24 Hours Concierge']",0,,566.665,0,0,1,0,0,0,0,0,0,0,,0,813.2859142247321,-30.324011508280506,good value
18918,"https://www.bayut.com/property/details-5690214.html
",8 Boulevard Walk,Downtown Dubai,Mohammad Bin Rashid Boulevard,1200000,1.0,1,1065.0,25.191167,55.269865,"Slightly Negotiable, CORNER UNIT,  MID FLOOR",,[],0,,1126.7605633802816,0,1,0,0,0,0,0,0,0,0,,0,1750.4454545454546,-35.63006716636754,good value
19225,"https://www.bayut.com/property/details-5703987.html
",8 Boulevard Walk,Downtown Dubai,Mohammad Bin Rashid Boulevard,950000,1.0,1,847.0,25.191167,55.269865,"ROI 8.5%, CHEAPEST IN THE MARKET, GENUINE DEAL",Unfurnished,"['Swimming Pool', 'Central Heating', 'Gym or Health Club', 'Kids Play Area', 'Central Heating', 'Gym or Health Club', 'Swimming Pool', 'Kids Play Area', 'Lawn or Garden', 'Freehold']",0,,1121.6056670602125,0,0,1,0,1,0,0,0,0,0,,0,1750.4454545454546,-35.92455770914242,good value
19298,"https://www.bayut.com/property/details-5709087.html
",Arezzo,Jumeirah Village Circle (JVC),Tuscan Residence,550000,1.0,2,968.0,25.061868,55.207973,"Big Unit, Cheapest Price, Well Maintained, 1 Bed in JVC",Unfurnished,"['Balcony or Terrace', 'Parking Spaces: 1', 'Swimming Pool', 'Electricity Backup', 'Electricity Backup', 'Parking Spaces: 1', 'Centrally Air-Conditioned', 'Central Heating', 'Double Glazed Windows', 'Balcony or Terrace', 'Lobby in Building', 'Service Elevators', 'Reception/Waiting Room', 'First Aid Medical Center', 'Gym or Health Club', 'Facilities for Disabled', 'Swimming Pool', 'Day Care Center', 'Kids Play Area', 'Lawn or Garden', 'Cafeteria or Canteen', 'Waste Disposal', 'Maintenance Staff', 'Cleaning Services', 'Security Staff', 'CCTV Security', 'Laundry Facility', 'Broadband Internet', 'Satellite/Cable TV', 'Intercom', 'ATM Facility', '24 Hours Concierge', 'Freehold']",0,,568.1818181818181,0,0,1,0,0,0,0,0,0,1,,1,813.2859142247321,-30.137506595888894,good value
19392,"https://www.bayut.com/property/details-5839339.html
",,Dubai Marina,KG Tower,1800000,3.0,4,2700.0,25.069512,55.12741,"Distress Sale, 3-BHK, Maids Room, Direct access to marina walk",Furnished,"['Furnished', 'Balcony or Terrace', 'Parking Spaces: 1', 'Swimming Pool', 'Furnished', 'Parking Spaces: 1', 'Centrally Air-Conditioned', 'Double Glazed Windows', 'Balcony or Terrace', 'Lobby in Building', 'Elevators in Building: 3', 'Service Elevators', 'Completion Year: 2007', 'Swimming Pool', 'Jacuzzi', 'Sauna', 'Steam Room', 'Waste Disposal', 'Maintenance Staff', 'Cleaning Services', 'Security Staff', 'CCTV Security', 'Broadband Internet', 'Satellite/Cable TV', 'Intercom', '24 Hours Concierge', 'View']",2007,,666.6666666666666,0,0,0,1,0,0,0,0,0,0,,0,1595.778629787725,-58.22311101162268,great value
19407,"https://www.bayut.com/property/details-5693432.html
",,Jumeirah Village Circle (JVC),Sobha Daffodil,800000,2.0,3,1478.0,25.047304,55.206728,AFFORDABLE l SPACIOUS 2BR+MAIDS l READY TO MOVE IN l,Unfurnished,"['Parking Spaces', 'Swimming Pool', 'Jacuzzi', 'Sauna', 'Parking Spaces', 'Centrally Air-Conditioned', 'Study Room', 'Lobby in Building', 'Completion Year: 2009', 'Swimming Pool', 'Jacuzzi', 'Sauna', 'Steam Room', 'Kids Play Area', 'Lawn or Garden', 'Barbeque Area', 'Waste Disposal', 'CCTV Security', 'Broadband Internet', 'Satellite/Cable TV', 'Intercom', 'ATM Facility', '24 Hours Concierge']",2009,,541.2719891745602,0,0,1,0,0,0,0,0,0,0,,0,803.1369642171121,-32.60526992401783,good value
19459,"https://www.bayut.com/property/details-5648929.html
",,Jumeirah Village Circle (JVC),Lolena Residence,700000,2.0,3,1540.0,25.057293,55.214281,AFFORDABLE/ 2BHK WITH BIG TERRACE,Unfurnished,[],0,,454.54545454545456,0,0,1,0,0,0,0,0,0,0,,0,803.1369642171121,-43.40374372028315,good value
19482,"https://www.bayut.com/property/details-5887070.html
",,Arjan,Lincoln Park,360000,0.0,1,751.0,25.061256,55.238678,"Luxury Furnished Studio, Fully Furnished,cheapest",Furnished,"['Furnished', 'Balcony or Terrace', 'Parking Spaces', 'Maids Room', 'Furnished', 'Parking Spaces', 'Centrally Air-Conditioned', 'Central Heating', 'Balcony or Terrace', 'Lobby in Building', 'Completion Year: 2010', 'Swimming Pool', 'Lawn or Garden', 'Cafeteria or Canteen', 'Waste Disposal', 'Maintenance Staff', 'Cleaning Services', 'Conference Room', 'Security Staff', 'CCTV Security', 'Broadband Internet', 'Satellite/Cable TV', 'Intercom', '24 Hours Concierge', 'Maids Room']",2010,,479.3608521970706,0,0,1,0,0,0,0,0,1,0,,0,988.0127131782945,-51.48231942734463,great value
19529,"https://www.bayut.com/property/details-5649230.html
",,Jumeirah Village Circle (JVC),Lolena Residence,420000,1.0,2,814.0,25.057293,55.214281,Best Price - Huge Layout -  Brand New,Unfurnished,"['Balcony or Terrace', 'Swimming Pool', 'Centrally Air-Conditioned', 'Gym or Health Club', 'Centrally Air-Conditioned', 'Balcony or Terrace', 'Gym or Health Club', 'Swimming Pool', 'Waste Disposal', 'Security Staff', 'CCTV Security', 'Broadband Internet', 'Satellite/Cable TV']",0,,515.970515970516,0,0,1,0,0,0,0,0,0,1,,0,813.2859142247321,-36.55730328707748,good value
19590,"https://www.bayut.com/property/details-5940141.html
",,Downtown Dubai,Mada Residences by ARTAR,2300000,2.0,4,1620.0000000000002,25.193583,55.285234,"Reduced Price, 2 Bed + Maids, Canal View, Vacant,",,[],0,,1419.753086419753,1,1,0,0,0,0,1,0,0,0,,0,2148.4375,-33.9169472502806,good value
19687,"https://www.bayut.com/property/details-5657241.html
",,Business Bay,Executive Bay Tower A,1025000,2.0,2,1154.0,25.178547870508,55.266162978692,"Cheapest 2 BR Apt, Well Maintained, Premium Location",,[],0,,888.2149046793761,0,0,1,0,0,0,0,0,0,1,,1,1411.16158125144,-37.057887879027064,good value
19783,"https://www.bayut.com/property/details-5634847.html
",Seasons Community,Jumeirah Village Circle (JVC),JVC District 15,499999,1.0,1,1155.0,25.058898456464,55.203511896243,"Best Price, Spacious Layout, Huge  Terrace",Furnished,['Furnished'],0,,432.8995670995671,0,0,1,0,0,0,0,0,0,0,,0,967.424042790431,-55.252345615588105,great value
19784,"https://www.bayut.com/property/details-5634829.html
",Standpoint Tower 1,Downtown Dubai,Standpoint Towers,2450000,3.0,3,1672.0,25.196713,55.271,"Best Priced, 3 Bedroom, Vacant on Transfer",Furnished,['Furnished'],0,,1465.311004784689,0,0,1,0,0,0,1,0,0,0,,0,2643.778531244672,-44.57512278478065,good value
19822,"https://www.bayut.com/property/details-5685494.html
",Dubai Arch Tower,Jumeirah Lake Towers (JLT),JLT Cluster G,715000,1.0,2,1195.0,25.071698,55.143677,"Huge 1xBed,DMCC Metro,Cheapest Available,",,"['Balcony or Terrace', 'Parking Spaces', 'Swimming Pool', 'Jacuzzi', 'Electricity Backup', 'Parking Spaces', 'Centrally Air-Conditioned', 'Double Glazed Windows', 'Balcony or Terrace', 'Lobby in Building', 'Elevators in Building: 6', 'Completion Year: 2009', 'Facilities for Disabled', 'Swimming Pool', 'Jacuzzi', 'Sauna', 'Steam Room', 'Day Care Center', 'Kids Play Area', 'Waste Disposal', 'Maintenance Staff', 'Security Staff', 'CCTV Security', 'Laundry Facility', 'Broadband Internet', 'Satellite/Cable TV', 'Intercom', '24 Hours Concierge']",2009,,598.326359832636,0,0,1,0,0,0,0,0,0,0,,0,969.2671394799054,-38.27023165629145,good value
19921,"https://www.bayut.com/property/details-5662435.html
",,Arjan,La Fontana Apartments,500000,1.0,2,926.0,25.063438,55.236053,"Spacious, 1 BR, Price is Negotiable, Call Now!",Unfurnished,"['Balcony or Terrace', 'Parking Spaces', 'Swimming Pool', 'Sauna', 'Parking Spaces', 'Centrally Air-Conditioned', 'Balcony or Terrace', 'Lobby in Building', 'Service Elevators', 'Gym or Health Club', 'Swimming Pool', 'Sauna', 'Day Care Center', 'Kids Play Area', 'Barbeque Area', 'Waste Disposal', 'Security Staff', 'CCTV Security', 'Broadband Internet', 'Satellite/Cable TV', 'Intercom', '24 Hours Concierge']",0,,539.9568034557235,0,1,0,0,0,0,0,0,0,0,,0,921.5062571103524,-41.404976983128336,good value
19956,"https://www.bayut.com/property/details-5668827.html
",,Arjan,Lincoln Park,315000,0.0,1,480.00000000000006,25.061256,55.238678,"Super Distress Deal, Studio apartment with balcony for sale in Lincoln Park Arjan.",Furnished,"['Furnished', 'Balcony or Terrace', 'Parking Spaces', 'Swimming Pool', 'Furnished', 'Parking Spaces', 'Centrally Air-Conditioned', 'Balcony or Terrace', 'Lobby in Building', 'Completion Year: 2010', 'Swimming Pool', 'Jacuzzi', 'Sauna', 'Steam Room', 'Kids Play Area', 'Lawn or Garden', 'Cafeteria or Canteen', 'Waste Disposal', 'Security Staff', 'CCTV Security', 'Broadband Internet', 'Satellite/Cable TV', 'Intercom', '24 Hours Concierge', 'Freehold']",2010,,656.2499999999999,0,0,0,1,0,0,0,0,0,0,,0,988.0127131782945,-33.57878990352884,good value
19988,"https://www.bayut.com/property/details-5849537.html
",Seasons Community,Jumeirah Village Circle (JVC),JVC District 15,339999,1.0,1,600.0,25.05875036192,55.20285973806,THE CHEAPEST ONE BEDROOM,Unfurnished,"['Balcony or Terrace', 'Parking Spaces: 1', 'Jacuzzi', 'Sauna', 'Parking Spaces: 1', 'Balcony or Terrace', 'Lobby in Building', 'Elevators in Building: 4', 'Service Elevators', 'Reception/Waiting Room', 'Gym or Health Club', 'Jacuzzi', 'Sauna', 'Steam Room', 'Kids Play Area', 'Lawn or Garden', 'Barbeque Area', 'Waste Disposal', 'Maintenance Staff', 'Security Staff', 'CCTV Security', 'Satellite/Cable TV', 'View', 'Freehold']",0,,566.665,0,0,1,0,0,0,0,0,0,0,,0,967.424042790431,-41.4253755400253,good value
20082,"https://www.bayut.com/property/details-5634889.html
",The Jewel Tower A,Dubai Marina,The Jewels,1000000,1.0,1,1020.0,25.071654,55.129716,"Well Priced, Pool View, Prime Location",Unfurnished,"['Balcony or Terrace', 'Swimming Pool', 'Sauna', 'Steam Room', 'Centrally Air-Conditioned', 'Storage Areas', 'Balcony or Terrace', 'Swimming Pool', 'Sauna', 'Steam Room', 'Kids Play Area', 'Waste Disposal', 'Security Staff', 'CCTV Security', 'Laundry Facility', 'ATM Facility', 'View', 'Freehold']",0,,980.3921568627452,1,0,1,0,0,0,0,0,0,0,,0,1499.6465182043125,-34.62511698845714,good value
20302,"https://www.bayut.com/property/details-5584123.html
",,Downtown Dubai,Burj Al Nujoom,1499999,2.0,3,1390.0,25.191151,55.282047,"Canal View, Big Layout, Vacant I Negotiable",,"['Parking Spaces', 'Swimming Pool', 'Centrally Air-Conditioned', 'Lobby in Building', 'Parking Spaces', 'Centrally Air-Conditioned', 'Lobby in Building', 'Completion Year: 2009', 'Swimming Pool', 'Waste Disposal', 'Broadband Internet', 'Satellite/Cable TV', 'Intercom', '24 Hours Concierge']",2009,,1079.1359712230217,1,1,0,0,0,0,1,0,0,0,,0,2356.7802755620014,-54.211430636413944,great value
20842,"https://www.bayut.com/property/details-5563600.html
",,Jumeirah Village Circle (JVC),Lolena Residence,550000,1.0,2,1444.0000000000002,25.057293,55.214281,"SPACIOUS LAYOUT,  HUGE BALCONY, NEGOTIABLE",Unfurnished,"['Balcony or Terrace', 'Shared Kitchen', 'Swimming Pool', 'Electricity Backup', 'Electricity Backup', 'Centrally Air-Conditioned', 'Balcony or Terrace', 'Lobby in Building', 'Service Elevators', 'Reception/Waiting Room', 'Gym or Health Club', 'Swimming Pool', 'Security Staff', 'CCTV Security', 'Shared Kitchen', 'Laundry Facility', 'Satellite/Cable TV', '24 Hours Concierge']",0,,380.8864265927977,0,1,0,0,0,0,0,0,0,0,,0,813.2859142247321,-53.16697118062359,great value
21114,"https://www.bayut.com/property/details-5577197.html
",,Downtown Dubai,RP Heights,3051990,2.0,4,2035.0,25.194829,55.284438,"Unique Layout , Ready to Move in, Best Price",,"['Balcony or Terrace', 'Maids Room', 'Storage Areas', 'Laundry Room']",0,,1499.7493857493855,0,0,1,0,0,0,0,0,0,0,,0,2148.4375,-30.193483136028604,good value
21166,"https://www.bayut.com/property/details-5496538.html
",The Lofts East,Downtown Dubai,The Lofts,2100000,2.0,3,1356.0,25.197323,55.270276,"MOTIVATED SELLER , LAKE VIEW, BEST PRICE",Unfurnished,"['Balcony or Terrace', 'Parking Spaces: 1', 'Swimming Pool', 'Electricity Backup', 'Electricity Backup', 'Parking Spaces: 1', 'Centrally Air-Conditioned', 'Central Heating', 'Double Glazed Windows', 'Storage Areas', 'Balcony or Terrace', 'Lobby in Building', 'Service Elevators', 'Prayer Room', 'Reception/Waiting Room', 'First Aid Medical Center', 'Gym or Health Club', 'Swimming Pool', 'Day Care Center', 'Kids Play Area', 'Cafeteria or Canteen', 'Waste Disposal', 'Maintenance Staff', 'Cleaning Services', 'Conference Room', 'Security Staff', 'CCTV Security', 'ATM Facility']",0,,1548.6725663716811,1,0,1,0,0,0,0,0,0,0,,0,2356.7802755620014,-34.28863172226005,good value
21428,"https://www.bayut.com/property/details-5860336.html
",Grenland Residence,Mohammed Bin Rashid City,District 11,1249050,2.0,3,1682.0000000000002,25.127874,55.355857,"Cheapest Price, Brand New 2BR, Spacious",,"['Balcony or Terrace', 'Elevators in Building', 'Laundry Room']",0,,742.5980975029726,0,0,1,0,0,0,0,0,0,1,,0,1533.8983050847455,-51.58752734511007,great value
21437,"https://www.bayut.com/property/details-5497319.html
",Rimal 2,Jumeirah Beach Residence (JBR),Rimal,1650000,2.0,3,1407.0,25.077412,55.134255,"High Floor,Best Price,  Vacant, Marina View",,"['Balcony or Terrace', 'Parking Spaces', 'Swimming Pool', 'Floor', 'Parking Spaces', 'Centrally Air-Conditioned', 'Balcony or Terrace', 'Lobby in Building', 'Completion Year: 2006', 'First Aid Medical Center', 'Gym or Health Club', 'Swimming Pool', 'Sauna', 'Kids Play Area', 'Barbeque Area', 'Cafeteria or Canteen', 'Waste Disposal', 'Security Staff', 'Laundry Room', 'Broadband Internet', 'Satellite/Cable TV', 'Intercom', 'ATM Facility', '24 Hours Concierge', 'Floor']",2006,,1172.7078891257995,1,0,1,0,0,0,1,0,0,0,,0,1708.0745341614906,-31.343283582089555,good value
21576,"https://www.bayut.com/property/details-5531029.html
",,Jumeirah Village Circle (JVC),The Manhattan,410000,1.0,2,777.0,25.068841,55.207289,"Best Price, Best Unit, Tenanted For Now",,"['Parking Spaces', 'Swimming Pool', 'Sauna', 'Steam Room', 'Parking Spaces', 'Centrally Air-Conditioned', 'Central Heating', 'Lobby in Building', 'Completion Year: 2009', 'Swimming Pool', 'Sauna', 'Steam Room', 'Kids Play Area', 'Waste Disposal', 'Broadband Internet', 'Satellite/Cable TV', 'Intercom', '24 Hours Concierge']",2009,,527.6705276705277,0,0,1,0,0,1,0,0,0,0,,0,813.2859142247321,-35.118693384290125,good value
21814,"https://www.bayut.com/property/details-5576138.html
",,Dubai Marina,Sulafa Tower,1550000,3.0,3,1507.0,25.089437,55.149102,"Partial Sea View, High Floor, Best Price, Motivated Seller - Sulafa Tower, Dubai Marina, Dubai",Unfurnished,"['Balcony or Terrace', 'Parking Spaces: 1', 'Maids Room', 'Swimming Pool', 'Parking Spaces: 1', 'Centrally Air-Conditioned', 'Central Heating', 'Balcony or Terrace', 'Lobby in Building', 'Service Elevators', 'Prayer Room', 'Gym or Health Club', 'Swimming Pool', 'Jacuzzi', 'Sauna', 'Steam Room', 'Kids Play Area', 'Waste Disposal', 'Maintenance Staff', 'Cleaning Services', 'Security Staff', 'CCTV Security', 'Laundry Facility', 'Maids Room']",0,,1028.533510285335,1,0,1,0,0,0,0,0,0,0,,0,1610.8247422680413,-36.14863968148641,good value
21937,"https://www.bayut.com/property/details-5564152.html
",Lincoln Park B,Arjan,Lincoln Park,515000,1.0,2,897.0000000000001,25.060859,55.238185,REDUCED PRICE 1 BED ROOM SKYCOURT TOWERS WITH BALCONY VACANT ONLY 315K,Furnished,['Furnished'],0,,574.1360089186176,0,1,0,0,0,0,1,0,0,0,,0,921.5062571103524,-37.69591855849293,good value
21990,"https://www.bayut.com/property/details-5906899.html
",,Downtown Dubai,Mada Residences by ARTAR,2350000,2.0,4,1620.0000000000002,25.193583,55.285234,"Reduced Price, 2 Bed + Maids, Canal View, Vacant,",,[],0,,1450.617283950617,1,1,0,0,0,0,1,0,0,0,,0,2148.4375,-32.48035914702582,good value
22105,"https://www.bayut.com/property/details-5522267.html
",,Downtown Dubai,Mada Residences by ARTAR,1320000,1.0,2,1021.0,25.193583,55.285234,"Best Price, Rented, Over Looking Creek",,[],0,,1292.850146914789,0,0,1,0,0,1,0,0,0,0,,0,1938.8372968573603,-33.3182753905985,good value
22360,"https://www.bayut.com/property/details-5530870.html
",DEC Tower 2,Dubai Marina,DEC Towers,725000,1.0,2,823.0,25.068307,55.12925,"Low Floor,Tenanted,Negotiable,Good Condition",,"['Jacuzzi', 'Barbeque Area', 'Intercom']",0,,880.9234507897935,0,1,0,0,0,1,0,0,0,1,,0,1524.779462290593,-42.22617286132447,good value
22649,"https://www.bayut.com/property/details-5408675.html
",,Dubai Marina,KG Tower,1250000,2.0,3,1702.0,25.069512,55.12741,"Distress Deal, Huge Layout, Maidsroom",Furnished,"['Furnished', 'Balcony or Terrace', 'Parking Spaces', 'Swimming Pool', 'Furnished', 'Parking Spaces', 'Centrally Air-Conditioned', 'Double Glazed Windows', 'Balcony or Terrace', 'Lobby in Building', 'Elevators in Building: 3', 'Service Elevators', 'Completion Year: 2007', 'Swimming Pool', 'Jacuzzi', 'Sauna', 'Steam Room', 'Waste Disposal', 'Security Staff', 'CCTV Security', 'Broadband Internet', 'Satellite/Cable TV', 'Intercom', '24 Hours Concierge', 'View']",2007,,734.4300822561692,0,0,0,1,0,0,0,0,0,0,,0,1458.4369817578772,-49.6426591314937,good value
22650,"https://www.bayut.com/property/details-5407659.html
",,Dubai Sports City,Hamza Tower,515000,2.0,3,1300.0,25.044179,55.215224,"HIGH FLOOR, CHEAPEST PRICE",Unfurnished,"['Balcony or Terrace', 'Parking Spaces', 'Swimming Pool', 'Jacuzzi', 'Electricity Backup', 'Parking Spaces', 'Centrally Air-Conditioned', 'Central Heating', 'Balcony or Terrace', 'Lobby in Building', 'Service Elevators', 'Completion Year: 2009', 'Prayer Room', 'Reception/Waiting Room', 'Gym or Health Club', 'Facilities for Disabled', 'Swimming Pool', 'Jacuzzi', 'Sauna', 'Steam Room', 'Day Care Center', 'Kids Play Area', 'Lawn or Garden', 'Waste Disposal', 'Maintenance Staff', 'Cleaning Services', 'Business Center', 'Security Staff', 'CCTV Security', 'Laundry Facility', 'Broadband Internet', 'Satellite/Cable TV', 'Intercom', '24 Hours Concierge', 'View']",2009,,396.1538461538461,0,0,1,0,0,0,0,0,0,0,,0,586.5969875010439,-32.46575509337387,good value
22914,"https://www.bayut.com/property/details-5614334.html
",,Dubai Hills Estate,Park Ridge,2820443,3.0,4,2780.0,25.100894,55.248188,"Golf Course View I Best Price I  Post handover plan,",,[],0,,1014.5478417266188,1,0,1,0,0,0,0,0,0,0,,0,1534.629246676514,-33.88971023953928,good value
22916,"https://www.bayut.com/property/details-5584146.html
",,Meydan City,Meydan One,1600000,2.0,2,2140.0,25.160001,55.298738,Best Price I Canal View I,,[],0,,747.6635514018692,1,0,1,0,0,0,0,0,0,0,,0,1236.2745098039215,-39.52285309834206,good value
23024,"https://www.bayut.com/property/details-5459024.html
",Grenland Residence,Mohammed Bin Rashid City,District 11,1690000,3.0,4,2248.0,25.127874,55.355857,Best Price for 3BR on AlAin Road Besides Nad AlShiba at -,Unfurnished,"['Parking Spaces: 1', 'Swimming Pool', 'Flooring', 'Centrally Air-Conditioned', 'Parking Spaces: 1', 'Centrally Air-Conditioned', 'Double Glazed Windows', 'Storage Areas', 'Lobby in Building', 'Elevators in Building: 3', 'Reception/Waiting Room', 'Flooring', 'Gym or Health Club', 'Swimming Pool', 'Kids Play Area', 'Maintenance Staff', 'Security Staff', 'CCTV Security', 'Laundry Room', 'Satellite/Cable TV', 'Intercom', 'Freehold']",0,,751.7793594306049,0,0,1,0,0,0,0,0,0,0,,0,1156.926727973895,-35.01927639383156,good value
23035,"https://www.bayut.com/property/details-5391390.html
",Diamond Views III,Jumeirah Village Circle (JVC),Diamond Views,395000,1.0,1,651.0,25.062218,55.217732,"Stunning Pool View, Most Affordable Price, Near to Nakheel Circular Mall",Unfurnished,"['Balcony or Terrace', 'Parking Spaces: 1', 'Swimming Pool', 'Flooring', 'Electricity Backup', 'Parking Spaces: 1', 'Centrally Air-Conditioned', 'Central Heating', 'Double Glazed Windows', 'Balcony or Terrace', 'Lobby in Building', 'Service Elevators', 'Prayer Room', 'Reception/Waiting Room', 'Flooring', 'Gym or Health Club', 'Facilities for Disabled', 'Swimming Pool', 'Kids Play Area', 'Lawn or Garden', 'Waste Disposal', 'Maintenance Staff', 'Cleaning Services', 'Business Center', 'Security Staff', 'CCTV Security', 'Laundry Room', 'Laundry Facility', 'Broadband Internet', 'Satellite/Cable TV', 'Intercom', '24 Hours Concierge', 'View', 'Freehold']",0,,606.7588325652841,1,0,1,0,0,0,0,0,0,0,,0,967.424042790431,-37.28098478768904,good value
23055,"https://www.bayut.com/property/details-5355563.html
",,Jumeirah Village Circle (JVC),Botanica,325000,0.0,1,549.0,25.050287,55.207637,"BEST  DEAL SPACIOUS STUDIO, PRIME LOCATION, BEST PRICE AT JVC",Unfurnished,"['Balcony or Terrace', 'Parking Spaces: 1', 'Swimming Pool', 'Flooring', 'Parking Spaces: 1', 'Centrally Air-Conditioned', 'Balcony or Terrace', 'Lobby in Building', 'Service Elevators', 'Reception/Waiting Room', 'Flooring', 'Gym or Health Club', 'Swimming Pool', 'Lawn or Garden', 'Waste Disposal', 'Maintenance Staff', 'Cleaning Services', 'Security Staff', 'CCTV Security', 'Broadband Internet', '24 Hours Concierge', 'View', 'Freehold']",0,,591.9854280510018,0,0,1,0,0,0,0,0,0,0,,0,930.2325581395348,-36.361566484517304,good value
23105,"https://www.bayut.com/property/details-5844692.html
",Diamond Views III,Jumeirah Village Circle (JVC),Diamond Views,395000,1.0,2,727.0,25.062218,55.217732,"PRIME LOCATION,  BEST PRICE",Unfurnished,"['Balcony or Terrace', 'Parking Spaces', 'Swimming Pool', 'Centrally Air-Conditioned', 'Parking Spaces', 'Centrally Air-Conditioned', 'Balcony or Terrace', 'Lobby in Building', 'Gym or Health Club', 'Swimming Pool', 'Kids Play Area', 'Lawn or Garden', 'Barbeque Area', 'Waste Disposal', 'Security Staff', 'CCTV Security', 'Laundry Room', 'Broadband Internet', 'Satellite/Cable TV', 'Intercom', '24 Hours Concierge', 'Freehold']",0,,543.3287482806053,0,0,1,0,0,0,0,0,0,0,,0,813.2859142247321,-33.19339007628879,good value
23478,"https://www.bayut.com/property/details-5356712.html
",,International City,Spain Cluster,350000,1.0,1,716.0,25.163523,55.39744,"Distress Deal 1 BHK Spain Cluster in 320,000",,"['Balcony or Terrace', 'Parking Spaces', 'Swimming Pool', 'Jacuzzi', 'Parking Spaces', 'Centrally Air-Conditioned', 'Balcony or Terrace', 'Lobby in Building', 'Completion Year: 2007', 'First Aid Medical Center', 'Swimming Pool', 'Jacuzzi', 'Sauna', 'Steam Room', 'Cafeteria or Canteen', 'Waste Disposal', 'Security Staff', 'Broadband Internet', 'Satellite/Cable TV', 'Intercom', '24 Hours Concierge']",2007,,488.8268156424581,0,0,0,1,0,0,0,0,0,0,,0,818.1818181818181,-40.254500310366225,good value
24632,"https://www.bayut.com/property/details-5497056.html
",Sunrise Bay,Dubai Harbour,EMAAR Beachfront,2600000,2.0,2,1390.0,25.099138,55.141373,2BR I Genuine Resale I Ain Dubai View I Best Price,,"['Balcony or Terrace', 'Parking Spaces', 'Swimming Pool', 'View', 'Parking Spaces', 'Centrally Air-Conditioned', 'Central Heating', 'Balcony or Terrace', 'Lobby in Building', 'Gym or Health Club', 'Swimming Pool', 'Security Staff', 'View']",0,,1870.5035971223024,1,0,1,0,0,0,0,0,0,0,,0,2876.9841269841268,-34.98387496899031,good value
25106,"https://www.bayut.com/property/details-5034062.html
",J-07,International City,Morocco Cluster,270000,1.0,1,730.0,25.160458054887,55.420067931582,Distress deal  -  1bhk For Sale - Vacant,Unfurnished,[],0,,369.8630136986301,0,0,0,1,0,0,1,0,0,0,,0,818.1818181818181,-54.79452054794521,great value
25201,"https://www.bayut.com/property/details-5706932.html
",,Downtown Dubai,Damac Maison The Distinction,2910000,3.0,4,1849.0,25.187985,55.279714,"Best Price, Burj Khalifa View,Furnished 3 BR Apt",Furnished,"['Furnished', 'Balcony or Terrace', 'Shared Kitchen', 'Parking Spaces', 'Furnished', 'Parking Spaces', 'Centrally Air-Conditioned', 'Balcony or Terrace', 'Flooring', 'Gym or Health Club', 'Swimming Pool', 'Security Staff', 'Shared Kitchen']",0,,1573.8236884802595,1,0,1,0,0,0,0,0,1,0,,0,2794.026135656503,-43.67183368846822,good value
25325,"https://www.bayut.com/property/details-5762592.html
",,Dubai Marina,Marina Pinnacle,900000,2.0,2,1219.0,25.08869934082,55.14820098877,DISTRESS DEAL LARGE BRIGHT 2BR FOR SALE,,"['Parking Spaces', 'Jacuzzi', 'Sauna', 'Steam Room', 'Electricity Backup', 'Parking Spaces', 'Centrally Air-Conditioned', 'Lobby in Building', 'Service Elevators', 'Completion Year: 2008', 'Jacuzzi', 'Sauna', 'Steam Room', 'Waste Disposal', 'CCTV Security', 'Broadband Internet', 'Satellite/Cable TV', 'Intercom', '24 Hours Concierge']",2008,,738.3100902378999,0,0,0,1,0,0,0,0,0,0,,0,1528.2555282555284,-51.68935583170013,great value
25332,"https://www.bayut.com/property/details-4986591.html
",Creek Gate,The Lagoons,Dubai Creek Harbour,2209888,2.0,3,1982.0,25.200451,55.343027,"Well Priced,, Spacious Duplex Apartment",,"['Balcony or Terrace', 'Parking Spaces', 'Maids Room', 'Swimming Pool', 'Parking Spaces', 'Centrally Air-Conditioned', 'Central Heating', 'Study Room', 'Balcony or Terrace', 'Gym or Health Club', 'Swimming Pool', 'Jacuzzi', 'Sauna', 'Steam Room', 'Kids Play Area', 'Barbeque Area', 'Conference Room', 'Intercom', '24 Hours Concierge', 'Maids Room']",0,,1114.978809283552,0,0,1,0,0,0,0,0,0,0,,0,1683.14043109079,-33.75604383996827,good value
26214,"https://www.bayut.com/property/details-5340030.html
",The Residences,Mohammed Bin Rashid City,District One,1200000,1.0,2,1400.0,25.170646728652,55.278257196624,Best priced I Hot Deal Resale Lagoon View,,[],0,,857.1428571428571,1,0,1,0,0,0,0,0,0,0,,0,1639.8924448240455,-47.73176375998089,good value
26568,"https://www.bayut.com/property/details-5512235.html
",Sunrise Bay,Dubai Harbour,EMAAR Beachfront,2000000,1.0,2,1268.0,25.099138,55.141373,"Genuine Resale, Handover Soon, Negotiable",,"['Lobby in Building', 'Security Staff', 'CCTV Security', '24 Hours Concierge']",0,,1577.2870662460568,0,1,0,0,0,0,0,0,0,0,,0,2678.774272366428,-41.11907514877383,good value
